INSERT INTO cliente (cpf, email, telefone, nome, sobrenome, rua, n_end, complemento, cep, senha, quantidade_pontos) VALUES
('00000000001', 'carla.silva101@email.com', '5511998750000', 'Carla', 'Silva', 'Rua da Alegria', 121, 'Apto 1', '10000001', 'ForteChave101!', 0),
('00000000002', 'daniel.santos102@email.com', '5511997750001', 'Daniel', 'Santos', 'Avenida do Sol', 232, NULL, '10000002', 'SeguraSenha102@', 0),
('00000000003', 'elisa.oliveira103@email.com', '5511998650002', 'Elisa', 'Oliveira', 'Travessa da Paz', 343, 'Casa A', '10000003', 'MisteriosaCodificada103#', 0),
('00000000004', 'fernando.pereira104@email.com', '5511998750003', 'Fernando', 'Pereira', 'Alameda das Estrelas', 454, 'Bloco 1', '10000004', 'InteligentePassagem104$', 0),
('00000000005', 'gabriela.costa105@email.com', '5511998750004', 'Gabriela', 'Costa', 'Rua da Esperança', 565, NULL, '10000005', 'SecretaProtecao105%', 0),
('00000000006', 'hugo.martins106@email.com', '5511998780005', 'Hugo', 'Martins', 'Estrada da Felicidade', 676, 'Sitio B', '10000006', 'BlindadaFortaleza106^', 0),
('00000000007', 'isabela.rodrigues107@email.com', '5511998750006', 'Isabela', 'Rodrigues', 'Rua do Amor', 787, 'Apto 2', '10000007', 'CriptoLabirinto107&', 0),
('00000000008', 'joao.almeida108@email.com', '5511998750007', 'João', 'Almeida', 'Avenida da Harmonia', 898, 'Andar 10', '10000008', 'InviolavelCofre108*', 0),
('00000000009', 'larissa.gomes109@email.com', '5511998750008', 'Larissa', 'Gomes', 'Praça da Luz', 909, NULL, '10000009', 'GuardiãEscudo109(', 0),
('00000000010', 'marcos.fernandes110@email.com', '5511998750009', 'Marcos', 'Fernandes', 'Rua do Futuro', 1010, 'Casa C', '10000010', 'EscondidaSentinela110)', 0),
('00000000011', 'natalia.souza111@email.com', '55119987500010', 'Natalia', 'Souza', 'Rua da Esperança', 1121, 'Bloco D', '10000011', 'ForteSenha111!', 0),
('00000000012', 'otavio.lima112@email.com', '5511998750011', 'Otavio', 'Lima', 'Avenida da Paz', 1232, 'Apto 4', '10000012', 'SeguraCodificada112@', 0),
('00000000013', 'paula.monteiro113@email.com', '5511998750012', 'Paula', 'Monteiro', 'Travessa dos Sonhos', 1343, NULL, '10000013', 'MisteriosaPassagem113#', 0),
('00000000014', 'rafael.pires114@email.com', '5511998750013', 'Rafael', 'Pires', 'Rua das Flores', 1454, 'Casa 2', '10000014', 'InteligenteProtecao114$', 0),
('00000000015', 'sofia.ribeiro115@email.com', '5511998750014', 'Sofia', 'Ribeiro', 'Alameda dos Pássaros', 1565, 'Apto 5', '10000015', 'SecretaFortaleza115%', 0),
('00000000016', 'thiago.cardoso116@email.com', '5511998750015', 'Thiago', 'Cardoso', 'Rua dos Coqueiros', 1676, NULL, '10000016', 'BlindadaLabirinto116^', 0),
('00000000017', 'ursula.goncalves117@email.com', '5511998750016', 'Ursula', 'Gonçalves', 'Avenida das Árvores', 1787, 'Cobertura', '10000017', 'CriptoCofre117&', 0),
('00000000018', 'victor.dias118@email.com', '5511998750017', 'Victor', 'Dias', 'Rua do Mar', 1898, 'Casa de Praia', '10000018', 'InviolavelEscudo118*', 0),
('00000000019', 'wanderley.ferreira119@email.com', '5511998750018', 'Wanderley', 'Ferreira', 'Praça do Céu', 1909, NULL, '10000019', 'GuardiãSentinela119(', 0),
('00000000020', 'xenia.rocha120@email.com', '5511998750019', 'Xênia', 'Rocha', 'Rua da Montanha', 2010, 'Chalé 2', '10000020', 'EscondidaChave120)', 0),
('00000000021', 'yasmin.mendes121@email.com', '5511998750020', 'Yasmin', 'Mendes', 'Avenida do Lago', 2121, 'Casa principal', '10000021', 'ForteCodificada121!', 0),
('00000000022', 'zeca.nunes122@email.com', '5511998750021', 'Zeca', 'Nunes', 'Rua da Floresta', 2232, NULL, '10000022', 'SeguraPassagem122@', 0),
('00000000023', 'amanda.carvalho123@email.com', '5511998750022', 'Amand', 'Carvalho', 'Alameda dos Beija-Flores', 2343, 'Apto 6', '10000023', 'MisteriosaProtecao123#', 0),
('00000000024', 'bernard.alves124@email.com', '5511998750023', 'Bernard', 'Alves', 'Rua dos Bambus', 2454, NULL, '10000024', 'InteligenteFortaleza124$', 0),
('00000000025', 'camila.azevedo125@email.com', '5511998750024', 'Camila', 'Azevedo', 'Avenida da Cachoeira', 2565, 'Sitio 3', '10000025', 'SecretaLabirinto125%', 0),
('00000000026', 'diego.barros126@email.com', '5511998750025', 'Diego', 'Barros', 'Rua dos Girassóis', 2676, 'Casa 3', '10000026', 'BlindadaCofre126^', 0),
('00000000027', 'erika.campos127@email.com', '5511998750026', 'Erika', 'Campos', 'Travessa do Campo Verde', 2787, 'Apto 7', '10000027', 'CriptoEscudo127&', 0),
('00000000028', 'fabio.queiroz128@email.com', '5511998750027', 'Fabio', 'Queiroz', 'Rua dos Ventos', 2898, NULL, '10000028', 'InviolavelSentinela128*', 0),
('00000000029', 'giovanna.ramos129@email.com', '5511998750028', 'Giovanna', 'Ramos', 'Avenida dos Pescadores', 2909, 'Barco 4', '10000029', 'GuardiãChave129(', 0),
('00000000030', 'henrique.tavares130@email.com', '5511998750029', 'Henrique', 'Tavares', 'Rua da Colina', 3010, 'Casa com vista 2', '10000030', 'EscondidaSenha130)', 0),
('00000000031', 'ingrid.vieira131@email.com', '5511998750030', 'Ingrid', 'Vieira', 'Alameda das Rosas', 3121, 'Jardim 3', '10000031', 'ForteCodificada131!', 0),
('00000000032', 'julio.xavier132@email.com', '5511998750031', 'Julio', 'Xavier', 'Rua dos Pomares', 3232, NULL, '10000032', 'SeguraPassagem132@', 0),
('00000000033', 'karina.yoshida133@email.com', '5511998750032', 'Karina', 'Yoshida', 'Avenida das Cachoeiras', 3343, 'Fazenda 4', '10000033', 'MisteriosaProtecao133#', 0),
('00000000034', 'lucas.zanetti134@email.com', '5511998750033', 'Lucas', 'Zanetti', 'Rua dos Cedros', 3454, 'Sitio 5', '10000034', 'InteligenteFortaleza134$', 0),
('00000000035', 'mariana.moreira135@email.com', '5511998750034', 'Mariana', 'Moreira', 'Praça do Sol Poente', 3565, NULL, '10000035', 'SecretaLabirinto135%', 0),
('00000000036', 'nicolas.nascimento136@email.com', '5511998750035', 'Nicolas', 'Nascimento', 'Rua da Chuva', 3676, 'Apto 8', '10000036', 'BlindadaCofre136^', 0),
('00000000037', 'olivia.machado137@email.com', '5511998750036', 'Olivia', 'Machado', 'Avenida das Margaridas', 3787, 'Jardim 4', '10000037', 'CriptoEscudo137&', 0),
('00000000038', 'pedro.neves138@email.com', '5511998750037', 'Pedro', 'Neves', 'Travessa dos Rios', 3898, NULL, '10000038', 'InviolavelSentinela138*', 0),
('00000000039', 'quintana.barbosa139@email.com', '5511998750038', 'Quintana', 'Barbosa', 'Rua das Pedras', 3909, 'Casa de pedra 2', '10000039', 'GuardiãChave139(', 0),
('00000000040', 'rodrigo.reis140@email.com', '5511998750039', 'Rodrigo', 'Reis', 'Alameda dos Sabores', 4010, 'Restaurante 2', '10000040', 'EscondidaSenha140)', 0),
('00000000041', 'sabrina.pinheiro141@email.com', '5511998750040', 'Sabrina', 'Pinheiro', 'Rua do Eco', 4121, NULL, '10000041', 'ForteCodificada141!', 0),
('00000000042', 'tarcisio.freitas142@email.com', '5511998750041', 'Tarcisio', 'Freitas', 'Avenida dos Pardais', 4232, 'Ninho 2', '10000042', 'SeguraPassagem142@', 0),
('00000000043', 'vanessa.guimaraes143@email.com', '5511998750042', 'Vanessa', 'Guimarães', 'Travessa do Vento Frio', 4343, 'Apto 9', '10000043', 'MisteriosaProtecao143#', 0),
('00000000044', 'wagner.pacheco144@email.com', '5511998750043', 'Wagner', 'Pacheco', 'Rua dos Campos', 4454, 'Fazenda 6', '10000044', 'InteligenteFortaleza144$', 0),
('00000000045', 'ximena.duarte145@email.com', '5511998750044', 'Ximena', 'Duarte', 'Alameda das Estrelas', 4565, NULL, '10000045', 'SecretaLabirinto145%', 0),
('00000000046', 'yago.figueiredo146@email.com', '5511998750045', 'Yago', 'Figueiredo', 'Rua do Vale', 4676, 'Vale Verde 2', '10000046', 'BlindadaCofre146^', 0),
('00000000047', 'zaira.sales147@email.com', '5511998750046', 'Zaira', 'Sales', 'Avenida da Harmonia', 4787, 'Musica 2', '10000047', 'CriptoEscudo147&', 0),
('00000000048', 'alicea.brito148@email.com', '5511998750047', 'Alicea', 'Brito', 'Rua da Fantasia', 4898, 'Reino 2', '10000048', 'InviolavelSentinela148*', 0),
('00000000049', 'brunoa.cunha149@email.com', '5511998750048', 'Brunoa', 'Cunha', 'Travessa dos Pássaros Livres', 4909, NULL, '10000049', 'GuardiãChave149(', 0),
('00000000050', 'carlaa.melo150@email.com', '551199875000049', 'Carlaa', 'Melo', 'Rua do Pôr do Sol', 5010, 'Chale 3', '10000050', 'EscondidaSenha150)', 0),
('00000000051', 'daniela.silva151@email.com', '5511998750050', 'Daniela', 'Silva', 'Alameda das Flores Roxas', 5121, 'Jardim 5', '10000051', 'ForteCodificada151!', 0),
('00000000052', 'elise.santos152@email.com', '5511998750051', 'Elise', 'Santos', 'Rua dos Cajueiros', 5232, NULL, '10000052', 'SeguraPassagem152@', 0),
('00000000053', 'fernande.oliveira153@email.com', '5511998750052', 'Fernande', 'Oliveira', 'Avenida das Dunas', 5343, 'Praia 2', '10000053', 'MisteriosaProtecao153#', 0),
('00000000054', 'gabriel.pereira154@email.com', '5511998750053', 'Gabriel', 'Pereira', 'Travessa das Estrelas Cadentes', 5454, 'Observatorio 2', '10000054', 'InteligenteFortaleza154$', 0),
('00000000055', 'huga.costa155@email.com', '55119987500054', 'Huga', 'Costa', 'Rua do Silêncio', 5565, NULL, '10000055', 'SecretaLabirinto155%', 0),
('00000000056', 'isabel.martins156@email.com', '55119987500055', 'Isabel', 'Martins', 'Avenida do Amanhecer', 5676, 'Nascer do Sol 2', '10000056', 'BlindadaCofre156^', 0),
('00000000057', 'joaoa.rodrigues157@email.com', '55119987500056', 'Joaoa', 'Rodrigues', 'Rua da Inovação', 5787, 'Startup 2', '10000057', 'CriptoEscudo157&', 0),
('00000000058', 'larissaa.almeida158@email.com', '55119987500057', 'Larissaa', 'Almeida', 'Alameda da Criatividade', 5898, 'Atelie 3', '10000058', 'InviolavelSentinela158*', 0),
('00000000059', 'marcose.gomes159@email.com', '55119987500058', 'Marcose', 'Gomes', 'Rua da Aventura', 5909, NULL, '10000059', 'GuardiãChave159(', 0),
('00000000060', 'nataliae.fernandes160@email.com', '5511998750059', 'Nataliae', 'Fernandes', 'Avenida do Conhecimento', 6010, 'Biblioteca 2', '10000060', 'EscondidaSenha160)', 0),
('00000000061', 'otavioe.souza161@email.com', '5511998750060', 'Otavioe', 'Souza', 'Travessa da Sabedoria', 6121, NULL, '10000061', 'ForteCodificada161!', 0),
('00000000062', 'paulaa.lima162@email.com', '5511998750061', 'Paulaa', 'Lima', 'Rua da Simpatia', 6232, 'Apto 10', '10000062', 'SeguraPassagem162@', 0),
('00000000063', 'rafaela.monteiro163@email.com', '5511998750062', 'Rafaela', 'Monteiro', 'Alameda do Carinho', 6343, 'Casa 7', '10000063', 'MisteriosaProtecao163#', 0),
('00000000064', 'sofiaa.pires164@email.com', '5511998750063', 'Sofiaa', 'Pires', 'Rua da Sinceridade', 6454, NULL, '10000064', 'InteligenteFortaleza164$', 0),
('00000000065', 'thiagoe.ribeiro165@email.com', '5511998750064', 'Thiagoe', 'Ribeiro', 'Avenida da Confiança', 6565, 'Escritorio 3', '10000065', 'SecretaLabirinto165%', 0),
('00000000066', 'ursulae.cardoso166@email.com', '5511998750065', 'Ursulae', 'Cardoso', 'Travessa da Esperança', 6676, 'Sonho 2', '10000066', 'BlindadaCofre166^', 0),
('00000000067', 'victore.goncalves167@email.com', '5511998750066', 'Victore', 'Gonçalves', 'Rua da Gratidão', 6787, 'Lar Feliz 2', '10000067', 'CriptoEscudo167&', 0),
('00000000068', 'wanderle.dias168@email.com', '5511998750067', 'Wanderle', 'Dias', 'Alameda da Paz', 6898, 'Parque 2', '10000068', 'InviolavelSentinela168*', 0),
('00000000069', 'xeniaa.ferreira169@email.com', '5511998750068', 'Xeniaa', 'Ferreira', 'Rua da Felicidade', 6909, 'Casa da Joia 2', '10000069', 'GuardiãChave169(', 0),
('00000000070', 'yasmina.rocha170@email.com', '5511998750069', 'Yasmina', 'Rocha', 'Avenida da Sorte', 7010, NULL, '10000070', 'EscondidaSenha170)', 0),
('00000000071', 'zecaa.mendes171@email.com', '5511998750070', 'Zecaa', 'Mendes', 'Travessa da Inspiração', 7121, 'Atelie 4', '10000071', 'ForteCodificada171!', 0),
('00000000072', 'amandaa.nunes172@email.com', '5511998750071', 'Amandaa', 'Nunes', 'Rua do Entendimento', 7232, NULL, '10000072', 'SeguraPassagem172@', 0),
('00000000073', 'bernardo.carvalho173@email.com', '5511998750072', 'Bernardo', 'Carvalho', 'Alameda da Criatividade', 7343, 'Estudio 2', '10000073', 'MisteriosaProtecao173#', 0),
('00000000074', 'camilo.alves174@email.com', '5511998750073', 'Camilo', 'Alves', 'Rua do Brilho', 7454, 'Joalheria 2', '10000074', 'InteligenteFortaleza174$', 0),
('00000000075', 'diega.azevedo175@email.com', '5511998750074', 'Diega', 'Azevedo', 'Avenida da Luz', 7565, 'Farol 2', '10000075', 'SecretaLabirinto175%', 0),
('00000000076', 'eriko.barros176@email.com', '5511998750075', 'Eriko', 'Barros', 'Travessa do Som', 7676, 'Estudio de Som 2', '10000076', 'BlindadaCofre176^', 0),
('00000000077', 'fabioo.campos177@email.com', '5511998750076', 'Fabioo', 'Campos', 'Rua da Curiosidade', 7787, NULL, '10000077', 'CriptoEscudo177&', 0),
('00000000078', 'giovann.queiroz178@email.com', '5511998750077', 'Giovann', 'Queiroz', 'Alameda dos Desafios', 7898, 'Ginásio 2', '10000078', 'InviolavelSentinela178*', 0),
('00000000079', 'henriquez.ramos179@email.com', '5511998750078', 'Henriquez', 'Ramos', 'Rua da Vitória', 7909, 'Pódio 2', '10000079', 'GuardiãChave179(', 0),
('00000000080', 'ingrida.tavares180@email.com', '5511998750079', 'Ingrida', 'Tavares', 'Avenida do Triunfo', 8010, NULL, '10000080', 'EscondidaSenha180)', 0),
('00000000081', 'julia.vieira181@email.com', '5511998750080', 'Julia', 'Vieira', 'Travessa da Prosperidade', 8121, 'Tesouro 2', '10000081', 'ForteCodificada181!', 0),
('00000000082', 'karino.xavier182@email.com', '5511998750081', 'Karino', 'Xavier', 'Rua da Abundância', 8232, NULL, '10000082', 'SeguraPassagem182@', 0),
('00000000083', 'luca.yoshida183@email.com', '5511998750082', 'Luca', 'Yoshida', 'Alameda da Riqueza', 8343, 'Banco 2', '10000083', 'MisteriosaProtecao183#', 0),
('00000000084', 'mariano.zanetti184@email.com', '5511998750083', 'Mariano', 'Zanetti', 'Rua do Crescimento', 8454, 'Plantação 2', '10000084', 'InteligenteFortaleza184$', 0),
('00000000085', 'nico.moreira185@email.com', '5511998750084', 'Nico', 'Moreira', 'Avenida da Evolução', 8565, NULL, '10000085', 'SecretaLabirinto185%', 0),
('00000000086', 'olivi.nascimento186@email.com', '5511998750085', 'Olivi', 'Nascimento', 'Travessa do Futuro', 8676, 'Lab. Futuro 2', '10000086', 'BlindadaCofre186^', 0),
('00000000087', 'pedroo.machado187@email.com', '5511998750086', 'Pedroo', 'Machado', 'Rua da Memória', 8787, 'Museu 2', '10000087', 'CriptoEscudo187&', 0),
('00000000088', 'quintina.neves188@email.com', '5511998750087', 'Quintina', 'Neves', 'Alameda da História', 8898, NULL, '10000088', 'InviolavelSentinela188*', 0),
('00000000089', 'rodrig.barbosa189@email.com', '5511998750088', 'Rodrig', 'Barbosa', 'Rua do Legado', 8909, 'Monumentos 2', '10000089', 'GuardiãChave189(', 0),
('00000000090', 'sabrin.reis190@email.com', '5511998750089', 'Sabrin', 'Reis', 'Avenida da Herança', 9010, NULL, '10000090', 'EscondidaSenha190)', 0),
('00000000091', 'tarcisioo.pinheiro191@email.com', '5511998750090', 'Tarcisioo', 'Pinheiro', 'Travessa da Sabedoria Antiga', 9121, 'Ruinas 2', '10000091', 'ForteCodificada191!', 0),
('00000000092', 'vaness.freitas192@email.com', '5511998750091', 'Vaness', 'Freitas', 'Rua do Mistério', 9232, NULL, '10000092', 'SeguraPassagem192@', 0),
('00000000093', 'wagne.guimaraes193@email.com', '5511998750092', 'Wagne', 'Guimarães', 'Alameda do Inexplicável', 9343, 'Area 51 2', '10000093', 'MisteriosaProtecao193#', 0),
('00000000094', 'ximen.pacheco194@email.com', '5511998750093', 'Ximen', 'Pacheco', 'Rua da Curiosidade Profunda', 9454, NULL, '10000094', 'InteligenteFortaleza194$', 0),
('00000000095', 'yagoa.duarte195@email.com', '5511998750094', 'Yagoa', 'Duarte', 'Avenida da Busca', 9565, 'Expedição 2', '10000095', 'SecretaLabirinto195%', 0),
('00000000096', 'zaira.figueiredo196@email.com', '5511998750095', 'Zaira', 'Figueiredo', 'Travessa da Jornada', 9676, NULL, '10000096', 'BlindadaCofre196^', 0),
('00000000097', 'alice.sales197@email.com', '5511998750096', 'Alice', 'Sales', 'Rua do Descobrimento', 9787, 'Mapa 2', '10000097', 'CriptoEscudo197&', 0),
('00000000098', 'bruno.brito198@email.com', '5511998750097', 'Bruno', 'Brito', 'Alameda da Novidade', 9898, NULL, '10000098', 'InviolavelSentinela198*', 0),
('00000000099', 'carla.cunha199@email.com', '5511998750098', 'Carla', 'Cunha', 'Rua da Transformação', 9909, 'Metamorfose 2', '10000099', 'GuardiãChave199(', 0),
('00000000100', 'daniel.melo200@email.com', '5511998750099', 'Daniel', 'Melo', 'Avenida da Reinvenção', 10010, NULL, '10000100', 'EscondidaSenha200)', 0),
('00000000101', 'elisa.silva201@email.com', '5511998750100', 'Elisa', 'Silva', 'Rua das Flores', 123, 'Apto 101', '01000001', 'ForteChave201!', 0),
('00000000102', 'fernando.santos202@email.com', '5511998750101', 'Fernando', 'Santos', 'Avenida Principal', 456, NULL, '02000002', 'SeguraSenha202@', 0),
('00000000103', 'gabriela.oliveira203@email.com', '5511998750102', 'Gabriela', 'Oliveira', 'Travessa da Lua', 789, 'Casa fundos', '03000003', 'MisteriosaCodificada203#', 0),
('00000000104', 'hugo.pereira204@email.com', '5511998750103', 'Hugo', 'Pereira', 'Alameda dos Sonhos', 101, 'Bloco B', '04000004', 'InteligentePassagem204$', 0),
('00000000105', 'isabela.costa205@email.com', '5511998750104', 'Isabela', 'Costa', 'Rua do Sol', 202, NULL, '05000005', 'SecretaProtecao205%', 0),
('00000000106', 'joao.martins206@email.com', '5511998750105', 'João', 'Martins', 'Estrada Velha', 303, 'Sitio 1', '06000006', 'BlindadaFortaleza206^', 0),
('00000000107', 'larissa.rodrigues207@email.com', '5511998750106', 'Larissa', 'Rodrigues', 'Rua Nova', 404, 'Apto 202', '07000007', 'CriptoLabirinto207&', 0),
('00000000108', 'marcos.almeida208@email.com', '5511998750107', 'Marcos', 'Almeida', 'Avenida Brasil', 505, 'Andar 3', '08000008', 'InviolavelCofre208*', 0),
('00000000109', 'natalia.gomes209@email.com', '5511998750108', 'Natalia', 'Gomes', 'Praça da Paz', 606, NULL, '09000009', 'GuardiãEscudo209(', 0),
('00000000110', 'otavio.fernandes210@email.com', '5511998750109', 'Otavio', 'Fernandes', 'Rua da Alegria', 707, 'Casa 5', '10000010', 'EscondidaSentinela210)', 0),
('00000000111', 'paula.souza211@email.com', '5511998750110', 'Paula', 'Souza', 'Rua do Bosque', 808, 'Bloco C', '11000011', 'ForteSenha211!', 0),
('00000000112', 'rafael.lima212@email.com', '5511998750111', 'Rafael', 'Lima', 'Avenida do Campo', 909, 'Apto 303', '12000012', 'SeguraCodificada212@', 0),
('00000000113', 'sofia.monteiro213@email.com', '5511998750112', 'Sofia', 'Monteiro', 'Travessa dos Pássaros', 111, NULL, '13000013', 'MisteriosaPassagem213#', 0),
('00000000114', 'thiago.pires214@email.com', '5511998750113', 'Thiago', 'Pires', 'Rua das Acácias', 222, 'Casa 1', '14000014', 'InteligenteProtecao214$', 0),
('00000000115', 'ursula.ribeiro215@email.com', '5511998750114', 'Ursula', 'Ribeiro', 'Alameda das Palmeiras', 333, 'Apto 404', '15000015', 'SecretaFortaleza215%', 0),
('00000000116', 'victor.cardoso216@email.com', '5511998750115', 'Victor', 'Cardoso', 'Rua dos Coqueiros', 444, NULL, '16000016', 'BlindadaLabirinto216^', 0),
('00000000117', 'wanderley.goncalves217@email.com', '5511998550116', 'Wanderley', 'Gonçalves', 'Avenida das Árvores', 555, 'Cobertura', '17000017', 'CriptoCofre217&', 0),
('00000000118', 'xenia.dias218@email.com', '5511998550000', 'Xênia', 'Dias', 'Rua do Mar', 666, 'Casa de Praia', '18000018', 'InviolavelEscudo218*', 0),
('00000000119', 'yasmin.ferreira219@email.com', '5511998550001', 'Yasmin', 'Ferreira', 'Praça do Céu', 777, NULL, '19000019', 'GuardiãSentinela219(', 0),
('00000000120', 'zeca.rocha220@email.com', '5511998550002', 'Zeca', 'Rocha', 'Rua da Montanha', 888, 'Chalé', '20000020', 'EscondidaChave220)', 0),
('00000000121', 'amand.mendes221@email.com', '5511998550003', 'Amand', 'Mendes', 'Avenida do Lago', 999, 'Casa principal', '21000021', 'ForteCodificada221!', 0),
('00000000122', 'bernard.nunes222@email.com', '5511998550004', 'Bernard', 'Nunes', 'Rua da Floresta', 1010, NULL, '22000022', 'SeguraPassagem222@', 0),
('00000000123', 'camila.carvalho223@email.com', '5511998550005', 'Camila', 'Carvalho', 'Alameda dos Beija-Flores', 1111, 'Apto 505', '23000023', 'MisteriosaProtecao223#', 0),
('00000000124', 'diego.alves224@email.com', '5511998550006', 'Diego', 'Alves', 'Rua dos Bambus', 1212, NULL, '24000024', 'InteligenteFortaleza224$', 0),
('00000000125', 'erika.azevedo225@email.com', '5511998550007', 'Erika', 'Azevedo', 'Avenida da Cachoeira', 1313, 'Sitio 2', '25000025', 'SecretaLabirinto225%', 0),
('00000000126', 'fabio.barros226@email.com', '5511998550008', 'Fabio', 'Barros', 'Rua dos Girassóis', 1414, 'Casa 2', '26000026', 'BlindadaCofre226^', 0),
('00000000127', 'giovanna.campos227@email.com', '5511998550009 ', 'Giovanna', 'Campos', 'Travessa do Campo Verde', 1515, 'Apto 606', '27000027', 'CriptoEscudo227&', 0),
('00000000128', 'henrique.queiroz228@email.com', '5511998550010', 'Henrique', 'Queiroz', 'Rua dos Ventos', 1616, NULL, '28000028', 'InviolavelSentinela228*', 0),
('00000000129', 'ingrid.ramos229@email.com', '5511998550011', 'Ingrid', 'Ramos', 'Avenida dos Pescadores', 1717, 'Barco 3', '29000029', 'GuardiãChave229(', 0),
('00000000130', 'julio.tavares230@email.com', '5511998550012', 'Julio', 'Tavares', 'Rua da Colina', 1818, 'Casa com vista', '30000030', 'EscondidaSenha230)', 0),
('00000000131', 'karina.vieira231@email.com', '5511998550013', 'Karina', 'Vieira', 'Alameda das Rosas', 1919, 'Jardim 1', '31000031', 'ForteCodificada231!', 0),
('00000000132', 'lucas.xavier232@email.com', '5511998550014', 'Lucas', 'Xavier', 'Rua dos Pomares', 2020, NULL, '32000032', 'SeguraPassagem232@', 0),
('00000000133', 'mariana.yoshida233@email.com', '5511998550015', 'Mariana', 'Yoshida', 'Avenida das Cachoeiras', 2121, 'Fazenda 3', '33000033', 'MisteriosaProtecao233#', 0),
('00000000134', 'nicolas.zanetti234@email.com', '5511998550016', 'Nicolas', 'Zanetti', 'Rua dos Cedros', 2222, 'Sitio 4', '34000034', 'InteligenteFortaleza234$', 0),
('00000000135', 'olivia.moreira235@email.com', '5511998550017', 'Olivia', 'Moreira', 'Praça do Sol Poente', 2323, NULL, '35000035', 'SecretaLabirinto235%', 0),
('00000000136', 'pedro.nascimento236@email.com', '5511998550018', 'Pedro', 'Nascimento', 'Rua da Chuva', 2424, 'Apto 707', '36000036', 'BlindadaCofre236^', 0),
('00000000137', 'quintana.machado237@email.com', '5511998550020', 'Quintana', 'Machado', 'Avenida das Margaridas', 2525, 'Jardim 2', '37000037', 'CriptoEscudo237&', 0),
('00000000138', 'rodrigo.neves238@email.com', '5511998550021', 'Rodrigo', 'Neves', 'Travessa dos Rios', 2626, NULL, '38000038', 'InviolavelSentinela238*', 0),
('00000000139', 'sabrina.barbosa239@email.com', '5511998550022', 'Sabrina', 'Barbosa', 'Rua das Pedras', 2727, 'Casa de pedra', '39000039', 'GuardiãChave239(', 0),
('00000000140', 'tarcisio.reis240@email.com', '5511998550023', 'Tarcisio', 'Reis', 'Alameda dos Sabores', 2828, 'Restaurante 1', '40000040', 'EscondidaSenha240)', 0),
('00000000141', 'vanessa.pinheiro241@email.com', '5511998550024', 'Vanessa', 'Pinheiro', 'Rua do Eco', 2929, NULL, '41000041', 'ForteCodificada241!', 0),
('00000000142', 'wagner.freitas242@email.com', '5511998550025', 'Wagner', 'Freitas', 'Avenida dos Pardais', 3030, 'Ninho 1', '42000042', 'SeguraPassagem242@', 0),
('00000000143', 'ximena.guimaraes243@email.com', '5511998550026', 'Ximena', 'Guimarães', 'Travessa do Vento Frio', 3131, 'Apto 808', '43000043', 'MisteriosaProtecao243#', 0),
('00000000144', 'yago.pacheco244@email.com', '5511998550027', 'Yago', 'Pacheco', 'Rua dos Campos', 3232, 'Fazenda 5', '44000044', 'InteligenteFortaleza244$', 0),
('00000000145', 'zaira.duarte245@email.com', '5511998550028', 'Zaira', 'Duarte', 'Alameda das Estrelas', 3333, NULL, '45000045', 'SecretaLabirinto245%', 0),
('00000000146', 'alicea.figueiredo246@email.com', '5511998550029', 'Alicea', 'Figueiredo', 'Rua do Vale', 3434, 'Vale Verde', '46000046', 'BlindadaCofre246^', 0),
('00000000147', 'brunoa.sales247@email.com', '5511998550030', 'Brunoa', 'Sales', 'Avenida da Harmonia', 3535, 'Musica 1', '47000047', 'CriptoEscudo247&', 0),
('00000000148', 'carlaa.brito248@email.com', '5511998550031', 'Carlaa', 'Brito', 'Rua da Fantasia', 3636, 'Reino 1', '48000048', 'InviolavelSentinela248*', 0),
('00000000149', 'daniela.cunha249@email.com', '5511998550032', 'Daniela', 'Cunha', 'Travessa dos Pássaros Livres', 3737, NULL, '49000049', 'GuardiãChave249(', 0),
('00000000150', 'elise.melo250@email.com', '5511998550033', 'Elise', 'Melo', 'Rua do Pôr do Sol', 3838, 'Chale 2', '50000050', 'EscondidaSenha250)', 0),
('00000000151', 'fernande.silva251@email.com', '5511998550034', 'Fernande', 'Silva', 'Alameda das Flores Roxas', 3939, 'Jardim 3', '51000051', 'ForteCodificada251!', 0),
('00000000152', 'gabriel.santos252@email.com', '5511998550035', 'Gabriel', 'Santos', 'Rua dos Cajueiros', 4040, NULL, '52000052', 'SeguraPassagem252@', 0),
('00000000153', 'huga.oliveira253@email.com', '5511998550036', 'Huga', 'Oliveira', 'Avenida das Dunas', 4141, 'Praia 1', '53000053', 'MisteriosaProtecao253#', 0),
('00000000154', 'isabel.pereira254@email.com', '5511998550037', 'Isabel', 'Pereira', 'Travessa das Estrelas Cadentes', 4242, 'Observatorio', '54000054', 'InteligenteFortaleza254$', 0),
('00000000155', 'joaoa.costa255@email.com', '5511998550038', 'Joaoa', 'Costa', 'Rua do Silêncio', 4343, NULL, '5511998550000ecretaLabirinto255%', 0),
('00000000156', 'larissaa.martins256@email.com', '5511998550039', 'Larissaa', 'Martins', 'Avenida do Amanhecer', 4444, 'Nascer do Sol', '56000056', 'BlindadaCofre256^', 0),
('00000000157', 'marcose.rodrigues257@email.com', '5511998550040', 'Marcose', 'Rodrigues', 'Rua da Inovação', 4545, 'Startup 1', '57000057', 'CriptoEscudo257&', 0),
('00000000158', 'nataliae.almeida258@email.com', '5511998550041', 'Nataliae', 'Almeida', 'Alameda da Criatividade', 4646, 'Atelie 1', '58000058', 'InviolavelSentinela258*', 0),
('00000000159', 'otavioe.gomes259@email.com', '5511998550042', 'Otavioe', 'Gomes', 'Rua da Aventura', 4747, NULL, '59000059', 'GuardiãChave259(', 0),
('00000000160', 'paulaa.fernandes260@email.com', '5511998550043', 'Paulaa', 'Fernandes', 'Avenida do Conhecimento', 4848, 'Biblioteca', '60000060', 'EscondidaSenha260)', 0),
('00000000161', 'rafaela.souza261@email.com', '5511998550044', 'Rafaela', 'Souza', 'Travessa da Sabedoria', 4949, NULL, '61000061', 'ForteCodificada261!', 0),
('00000000162', 'sofiaa.lima262@email.com', '5511998550045', 'Sofiaa', 'Lima', 'Rua da Simpatia', 5050, 'Apto 909', '62000062', 'SeguraPassagem262@', 0),
('00000000163', 'thiagoe.monteiro263@email.com', '5511998550046', 'Thiagoe', 'Monteiro', 'Alameda do Carinho', 5151, 'Casa 6', '63000063', 'MisteriosaProtecao263#', 0),
('00000000164', 'ursulae.pires264@email.com', '5511998550047', 'Ursulae', 'Pires', 'Rua da Sinceridade', 5252, NULL, '64000064', 'InteligenteFortaleza264$', 0),
('00000000165', 'victore.ribeiro265@email.com', '5511998550048', 'Victore', 'Ribeiro', 'Avenida da Confiança', 5353, 'Escritorio 2', '65000065', 'SecretaLabirinto265%', 0),
('00000000166', 'wanderle.cardoso266@email.com', '5511998550049', 'Wanderle', 'Cardoso', 'Travessa da Esperança', 5454, 'Sonho 1', '66000066', 'BlindadaCofre266^', 0),
('00000000167', 'xeniaa.goncalves267@email.com', '5511998550050', 'Xeniaa', 'Gonçalves', 'Rua da Gratidão', 5555, 'Lar Feliz', '67000067', 'CriptoEscudo267&', 0),
('00000000168', 'yasmina.dias268@email.com', '5511998550051', 'Yasmina', 'Dias', 'Alameda da Paz', 5656, 'Parque 1', '68000068', 'InviolavelSentinela268*', 0),
('00000000169', 'zecaa.ferreira269@email.com', '5511998550052', 'Zecaa', 'Ferreira', 'Rua da Felicidade', 5757, 'Casa da Joia', '69000069', 'GuardiãChave269(', 0),
('00000000170', 'amandaa.rocha270@email.com', '5511998550053', 'Amandaa', 'Rocha', 'Avenida da Sorte', 5858, NULL, '70000070', 'EscondidaSenha270)', 0),
('00000000171', 'bernardo.mendes271@email.com', '5511998550054', 'Bernardo', 'Mendes', 'Travessa da Inspiração', 5959, 'Atelie 2', '71000071', 'ForteCodificada271!', 0),
('00000000172', 'camilo.nunes272@email.com', '5511998550055', 'Camilo', 'Nunes', 'Rua do Entendimento', 6060, NULL, '72000072', 'SeguraPassagem272@', 0),
('00000000173', 'diega.carvalho273@email.com', '5511998550056', 'Diega', 'Carvalho', 'Alameda da Criatividade', 6161, 'Estudio 1', '73000073', 'MisteriosaProtecao273#', 0),
('00000000174', 'eriko.alves274@email.com', '5511998550057', 'Eriko', 'Alves', 'Rua do Brilho', 6262, 'Joalheria', '74000074', 'InteligenteFortaleza274$', 0),
('00000000175', 'fabioo.azevedo275@email.com', '5511998550058', 'Fabioo', 'Azevedo', 'Avenida da Luz', 6363, 'Farol', '75000075', 'SecretaLabirinto275%', 0),
('00000000176', 'giovann.barros276@email.com', '5511998550059', 'Giovann', 'Barros', 'Travessa do Som', 6464, 'Estudio de Som', '76000076', 'BlindadaCofre276^', 0),
('00000000177', 'henriquez.campos277@email.com', '5511998550060', 'Henriquez', 'Campos', 'Rua da Curiosidade', 6565, NULL, '77000077', 'CriptoEscudo277&', 0),
('00000000178', 'ingrida.queiroz278@email.com', '5511998550061', 'Ingrida', 'Queiroz', 'Alameda dos Desafios', 6666, 'Ginásio', '78000078', 'InviolavelSentinela278*', 0),
('00000000179', 'julia.ramos279@email.com', '5511998550062', 'Julia', 'Ramos', 'Rua da Vitória', 6767, 'Pódio', '79000079', 'GuardiãChave279(', 0),
('00000000180', 'karino.tavares280@email.com', '5511998550063', 'Karino', 'Tavares', 'Avenida do Triunfo', 6868, NULL, '80000080', 'EscondidaSenha280)', 0),
('00000000181', 'luca.vieira281@email.com', '5511998550064', 'Luca', 'Vieira', 'Travessa da Prosperidade', 6969, 'Tesouro', '81000081', 'ForteCodificada281!', 0),
('00000000182', 'mariano.xavier282@email.com', '5511998550065', 'Mariano', 'Xavier', 'Rua da Abundância', 7070, NULL, '82000082', 'SeguraPassagem282@', 0),
('00000000183', 'nico.yoshida283@email.com', '5511998550066', 'Nico', 'Yoshida', 'Alameda da Riqueza', 7171, 'Banco', '83000083', 'MisteriosaProtecao283#', 0),
('00000000184', 'olivi.zanetti284@email.com', '5511998550067', 'Olivi', 'Zanetti', 'Rua do Crescimento', 7272, 'Plantação', '84000084', 'InteligenteFortaleza284$', 0),
('00000000185', 'pedroo.moreira285@email.com', '5511998550068', 'Pedroo', 'Moreira', 'Avenida da Evolução', 7373, NULL, '85000085', 'SecretaLabirinto285%', 0),
('00000000186', 'quintina.nascimento286@email.com', '5511998550069', 'Quintina', 'Nascimento', 'Travessa do Futuro', 7474, 'Lab. Futuro', '86000086', 'BlindadaCofre286^', 0),
('00000000187', 'rodrig.machado287@email.com', '5511998550070', 'Rodrig', 'Machado', 'Rua da Memória', 7575, 'Museu', '87000087', 'CriptoEscudo287&', 0),
('00000000188', 'sabrin.neves288@email.com', '5511998550071', 'Sabrin', 'Neves', 'Alameda da História', 7676, NULL, '88000088', 'InviolavelSentinela288*', 0),
('00000000189', 'tarcisioo.barbosa289@email.com', '5511998550072', 'Tarcisioo', 'Barbosa', 'Rua do Legado', 7777, 'Monumentos', '89000089', 'GuardiãChave289(', 0),
('00000000190', 'vaness.reis290@email.com', '5511998550073', 'Vaness', 'Reis', 'Avenida da Herança', 7878, NULL, '90000090', 'EscondidaSenha290)', 0),
('00000000191', 'wagne.pinheiro291@email.com', '5511998550074', 'Wagne', 'Pinheiro', 'Travessa da Sabedoria Antiga', 7979, 'Ruinas', '91000091', 'ForteCodificada291!', 0),
('00000000192', 'ximen.freitas292@email.com', '5511998550075', 'Ximen', 'Freitas', 'Rua do Mistério', 8080, NULL, '92000092', 'SeguraPassagem292@', 0),
('00000000193', 'yagoa.guimaraes293@email.com', '5511998550076', 'Yagoa', 'Guimarães', 'Alameda do Inexplicável', 8181, 'Area 51', '93000093', 'MisteriosaProtecao293#', 0),
('00000000194', 'zaira.pacheco294@email.com', '5511998550077', 'Zaira', 'Pacheco', 'Rua da Curiosidade Profunda', 8282, NULL, '94000094', 'InteligenteFortaleza294$', 0),
('00000000195', 'alice.duarte295@email.com', '5511998550078', 'Alice', 'Duarte', 'Avenida da Busca', 8383, 'Expedição', '95000095', 'SecretaLabirinto295%', 0),
('00000000196', 'bruno.figueiredo296@email.com', '5511998550079', 'Bruno', 'Figueiredo', 'Travessa da Jornada', 8484, NULL, '96000096', 'BlindadaCofre296^', 0),
('00000000197', 'carla.sales297@email.com', '5511998550080', 'Carla', 'Sales', 'Rua do Descobrimento', 8585, 'Mapa', '97000097', 'CriptoEscudo297&', 0),
('00000000198', 'daniel.brito298@email.com', '5511998550081', 'Daniel', 'Brito', 'Alameda da Novidade', 8686, NULL, '98000098', 'InviolavelSentinela298*', 0),
('00000000199', 'elisa.cunha299@email.com', '5511998550082', 'Elisa', 'Cunha', 'Rua da Transformação', 8787, 'Metamorfose', '99000099', 'GuardiãChave299(', 0),
('00000000200', 'fernando.melo300@email.com', '5511998550083', 'Fernando', 'Melo', 'Avenida da Reinvenção', 8888, NULL, '10000100', 'EscondidaSenha300)', 0),
('00000000201', 'gabriela.silva301@email.com', '5511998550084', 'Gabriela', 'Silva', 'Rua da Alegria', 121, 'Apto 1', '10000001', 'ForteChave301!', 0),
('00000000202', 'hugo.santos302@email.com', '5511998550085', 'Hugo', 'Santos', 'Avenida do Sol', 232, NULL, '10000002', 'SeguraSenha302@', 0),
('00000000203', 'isabela.oliveira303@email.com', '5511998550086', 'Isabela', 'Oliveira', 'Travessa da Paz', 343, 'Casa A', '10000003', 'MisteriosaCodificada303#', 0),
('00000000204', 'joao.pereira304@email.com', '5511998550087', 'João', 'Pereira', 'Alameda das Estrelas', 454, 'Bloco 1', '10000004', 'InteligentePassagem304$', 0),
('00000000205', 'larissa.costa305@email.com', '5511998550088', 'Larissa', 'Costa', 'Rua da Esperança', 565, NULL, '10000005', 'SecretaProtecao305%', 0),
('00000000206', 'marcos.martins306@email.com', '5511998550089', 'Marcos', 'Martins', 'Estrada da Felicidade', 676, 'Sitio B', '10000006', 'BlindadaFortaleza306^', 0),
('00000000207', 'natalia.rodrigues307@email.com', '5511998550090', 'Natalia', 'Rodrigues', 'Rua do Amor', 787, 'Apto 2', '10000007', 'CriptoLabirinto307&', 0),
('00000000208', 'otavio.almeida308@email.com', '5511998550091', 'Otavio', 'Almeida', 'Avenida da Harmonia', 898, 'Andar 10', '10000008', 'InviolavelCofre308*', 0),
('00000000209', 'paula.gomes309@email.com', '5511998550092', 'Paula', 'Gomes', 'Praça da Luz', 909, NULL, '10000009', 'GuardiãEscudo309(', 0),
('00000000210', 'rafael.fernandes310@email.com', '5511998550093', 'Rafael', 'Fernandes', 'Rua do Futuro', 1010, 'Casa C', '10000010', 'EscondidaSentinela310)', 0),
('00000000211', 'sofia.souza311@email.com', '5511998550094', 'Sofia', 'Souza', 'Rua da Esperança', 1121, 'Bloco D', '10000011', 'ForteSenha311!', 0),
('00000000212', 'thiago.lima312@email.com', '5511998550095', 'Thiago', 'Lima', 'Avenida da Paz', 1232, 'Apto 4', '10000012', 'SeguraCodificada312@', 0),
('00000000213', 'ursula.monteiro313@email.com', '5511998550096', 'Ursula', 'Monteiro', 'Travessa dos Sonhos', 1343, NULL, '10000013', 'MisteriosaPassagem313#', 0),
('00000000214', 'victor.pires314@email.com', '5511998550097', 'Victor', 'Pires', 'Rua das Flores', 1454, 'Casa 2', '10000014', 'InteligenteProtecao314$', 0),
('00000000215', 'wanderley.ribeiro315@email.com', '5511998550098', 'Wanderley', 'Ribeiro', 'Alameda dos Pássaros', 1565, 'Apto 5', '10000015', 'SecretaFortaleza315%', 0),
('00000000216', 'xenia.cardoso316@email.com', '5511998550099', 'Xênia', 'Cardoso', 'Rua dos Coqueiros', 1676, NULL, '10000016', 'BlindadaLabirinto316^', 0),
('00000000217', 'yasmin.goncalves317@email.com', '5511998550100', 'Yasmin', 'Gonçalves', 'Avenida das Árvores', 1787, 'Cobertura', '10000017', 'CriptoCofre317&', 0),
('00000000218', 'zeca.dias318@email.com', '5511998550101', 'Zeca', 'Dias', 'Rua do Mar', 1898, 'Casa de Praia', '10000018', 'InviolavelEscudo318*', 0),
('00000000219', 'amand.ferreira319@email.com', '5511998550102', 'Amand', 'Ferreira', 'Praça do Céu', 1909, NULL, '10000019', 'GuardiãSentinela319(', 0),
('00000000220', 'bernard.rocha320@email.com', '5511998550103', 'Bernard', 'Rocha', 'Rua da Montanha', 2010, 'Chalé 2', '10000020', 'EscondidaChave320)', 0),
('00000000221', 'camila.mendes321@email.com', '5511998550104', 'Camila', 'Mendes', 'Avenida do Lago', 2121, 'Casa principal', '10000021', 'ForteCodificada321!', 0),
('00000000222', 'diego.nunes322@email.com', '5511998550105', 'Diego', 'Nunes', 'Rua da Floresta', 2232, NULL, '10000022', 'SeguraPassagem322@', 0),
('00000000223', 'erika.carvalho323@email.com', '5511998530001', 'Erika', 'Carvalho', 'Alameda dos Beija-Flores', 2343, 'Apto 6', '10000023', 'MisteriosaProtecao323#', 0),
('00000000224', 'fabio.alves324@email.com', '5511998530002', 'Fabio', 'Alves', 'Rua dos Bambus', 2454, NULL, '10000024', 'InteligenteFortaleza324$', 0),
('00000000225', 'giovanna.azevedo325@email.com', '5511998530003', 'Giovanna', 'Azevedo', 'Avenida da Cachoeira', 2565, 'Sitio 3', '10000025', 'SecretaLabirinto325%', 0),
('00000000226', 'henrique.barros326@email.com', '5511998530004', 'Henrique', 'Barros', 'Rua dos Girassóis', 2676, 'Casa 3', '10000026', 'BlindadaCofre326^', 0),
('00000000227', 'ingrid.campos327@email.com', '5511998530005', 'Ingrid', 'Campos', 'Travessa do Campo Verde', 2787, 'Apto 7', '10000027', 'CriptoEscudo327&', 0),
('00000000228', 'julio.queiroz328@email.com', '5511998530006', 'Julio', 'Queiroz', 'Rua dos Ventos', 2898, NULL, '10000028', 'InviolavelSentinela328*', 0),
('00000000229', 'karina.ramos329@email.com', '5511998530007', 'Karina', 'Ramos', 'Avenida dos Pescadores', 2909, 'Barco 4', '10000029', 'GuardiãChave329(', 0),
('00000000230', 'lucas.tavares330@email.com', '5511998530008', 'Lucas', 'Tavares', 'Rua da Colina', 3010, 'Casa com vista 2', '10000030', 'EscondidaSenha330)', 0),
('00000000231', 'mariana.vieira331@email.com', '5511998530009', 'Mariana', 'Vieira', 'Alameda das Rosas', 3121, 'Jardim 3', '10000031', 'ForteCodificada331!', 0),
('00000000232', 'nicolas.xavier332@email.com', '5511998530010', 'Nicolas', 'Xavier', 'Rua dos Pomares', 3232, NULL, '10000032', 'SeguraPassagem332@', 0),
('00000000233', 'olivia.yoshida333@email.com', '5511998530011', 'Olivia', 'Yoshida', 'Avenida das Cachoeiras', 3343, 'Fazenda 4', '10000033', 'MisteriosaProtecao333#', 0),
('00000000234', 'pedro.zanetti334@email.com', '5511998530012', 'Pedro', 'Zanetti', 'Rua dos Cedros', 3454, 'Sitio 5', '10000034', 'InteligenteFortaleza334$', 0),
('00000000235', 'quintana.moreira335@email.com', '5511998530014', 'Quintana', 'Moreira', 'Praça do Sol Poente', 3565, NULL, '10000035', 'SecretaLabirinto335%', 0),
('00000000236', 'rodrigo.nascimento336@email.com', '5511998530015', 'Rodrigo', 'Nascimento', 'Rua da Chuva', 3676, 'Apto 8', '10000036', 'BlindadaCofre336^', 0),
('00000000237', 'sabrina.machado337@email.com', '5511998530016', 'Sabrina', 'Machado', 'Avenida das Margaridas', 3787, 'Jardim 4', '10000037', 'CriptoEscudo337&', 0),
('00000000238', 'tarcisio.neves338@email.com', '5511998530017', 'Tarcisio', 'Neves', 'Travessa dos Rios', 3898, NULL, '10000038', 'InviolavelSentinela338*', 0),
('00000000239', 'vanessa.barbosa339@email.com', '5511998530018', 'Vanessa', 'Barbosa', 'Rua das Pedras', 3909, 'Casa de pedra 2', '10000039', 'GuardiãChave339(', 0),
('00000000240', 'wagner.reis340@email.com', '5511998530019', 'Wagner', 'Reis', 'Alameda dos Sabores', 4010, 'Restaurante 2', '10000040', 'EscondidaSenha340)', 0),
('00000000241', 'ximena.pinheiro341@email.com', '5511998530020', 'Ximena', 'Pinheiro', 'Rua do Eco', 4121, NULL, '10000041', 'ForteCodificada341!', 0),
('00000000242', 'yago.freitas342@email.com', '5511998530021', 'Yago', 'Freitas', 'Avenida dos Pardais', 4232, 'Ninho 2', '10000042', 'SeguraPassagem342@', 0),
('00000000243', 'zaira.guimaraes343@email.com', '5511998530022', 'Zaira', 'Guimarães', 'Travessa do Vento Frio', 4343, 'Apto 9', '10000043', 'MisteriosaProtecao343#', 0),
('00000000244', 'alicea.pacheco344@email.com', '5511998530023', 'Alicea', 'Pacheco', 'Rua dos Campos', 4454, 'Fazenda 6', '10000044', 'InteligenteFortaleza344$', 0),
('00000000245', 'brunoa.duarte345@email.com', '5511998530024', 'Brunoa', 'Duarte', 'Alameda das Estrelas', 4565, NULL, '10000045', 'SecretaLabirinto345%', 0),
('00000000246', 'carlaa.figueiredo346@email.com', '5511998530025', 'Carlaa', 'Figueiredo', 'Rua do Vale', 4676, 'Vale Verde 2', '10000046', 'BlindadaCofre346^', 0),
('00000000247', 'daniela.sales347@email.com', '5511998530026', 'Daniela', 'Sales', 'Avenida da Harmonia', 4787, 'Musica 2', '10000047', 'CriptoEscudo347&', 0),
('00000000248', 'elise.brito348@email.com', '5511998530027', 'Elise', 'Brito', 'Rua da Fantasia', 4898, 'Reino 2', '10000048', 'InviolavelSentinela348*', 0),
('00000000249', 'fernande.cunha349@email.com', '5511998530028', 'Fernande', 'Cunha', 'Travessa dos Pássaros Livres', 4909, NULL, '10000049', 'GuardiãChave349(', 0),
('00000000250', 'gabriel.melo350@email.com', '5511998530029', 'Gabriel', 'Melo', 'Rua do Pôr do Sol', 5010, 'Chale 3', '10000050', 'EscondidaSenha350)', 0),
('00000000251', 'huga.silva351@email.com', '5511998530030', 'Huga', 'Silva', 'Alameda das Flores Roxas', 5121, 'Jardim 5', '10000051', 'ForteCodificada351!', 0),
('00000000252', 'isabel.santos352@email.com', '5511998530031', 'Isabel', 'Santos', 'Rua dos Cajueiros', 5232, NULL, '10000052', 'SeguraPassagem352@', 0),
('00000000253', 'joaoa.oliveira353@email.com', '5511998530032', 'Joaoa', 'Oliveira', 'Avenida das Dunas', 5343, 'Praia 2', '10000053', 'MisteriosaProtecao353#', 0),
('00000000254', 'larissaa.pereira354@email.com', '5511998530033', 'Larissaa', 'Pereira', 'Travessa das Estrelas Cadentes', 5454, 'Observatorio 2', '10000054', 'InteligenteFortaleza354$', 0),
('00000000255', 'marcose.costa355@email.com', '5511998530034', 'Marcose', 'Costa', 'Rua do Silêncio', 5565, NULL, '10000055', 'SecretaLabirinto355%', 0),
('00000000256', 'nataliae.martins356@email.com', '5511998530035', 'Nataliae', 'Martins', 'Avenida do Amanhecer', 5676, 'Nascer do Sol 2', '10000056', 'BlindadaCofre356^', 0),
('00000000257', 'otavioe.rodrigues357@email.com', '5511998530036', 'Otavioe', 'Rodrigues', 'Rua da Inovação', 5787, 'Startup 2', '10000057', 'CriptoEscudo357&', 0),
('00000000258', 'paulaa.almeida358@email.com', '5511998530037', 'Paulaa', 'Almeida', 'Alameda da Criatividade', 5898, 'Atelie 3', '10000058', 'InviolavelSentinela358*', 0),
('00000000259', 'rafaela.gomes359@email.com', '5511998530038', 'Rafaela', 'Gomes', 'Rua da Aventura', 5909, NULL, '10000059', 'GuardiãChave359(', 0),
('00000000260', 'sofiaa.fernandes360@email.com', '5511998530039', 'Sofiaa', 'Fernandes', 'Avenida do Conhecimento', 6010, 'Biblioteca 2', '10000060', 'EscondidaSenha360)', 0),
('00000000261', 'thiagoe.souza361@email.com', '5511998530040', 'Thiagoe', 'Souza', 'Travessa da Sabedoria', 6121, NULL, '10000061', 'ForteCodificada361!', 0),
('00000000262', 'ursulae.lima362@email.com', '5511998530041', 'Ursulae', 'Lima', 'Rua da Simpatia', 6232, 'Apto 10', '10000062', 'SeguraPassagem362@', 0),
('00000000263', 'victore.monteiro363@email.com', '5511998530042', 'Victore', 'Monteiro', 'Alameda do Carinho', 6343, 'Casa 7', '10000063', 'MisteriosaProtecao363#', 0),
('00000000264', 'wanderle.pires364@email.com', '5511998530043', 'Wanderle', 'Pires', 'Rua da Sinceridade', 6454, NULL, '10000064', 'InteligenteFortaleza364$', 0),
('00000000265', 'xeniaa.ribeiro365@email.com', '5511998530044', 'Xeniaa', 'Ribeiro', 'Avenida da Confiança', 6565, 'Escritorio 3', '10000065', 'SecretaLabirinto365%', 0),
('00000000266', 'yasmina.cardoso366@email.com', '5511998530045', 'Yasmina', 'Cardoso', 'Travessa da Esperança', 6676, 'Sonho 2', '10000066', 'BlindadaCofre366^', 0),
('00000000267', 'zecaa.goncalves367@email.com', '5511998530046', 'Zecaa', 'Gonçalves', 'Rua da Gratidão', 6787, 'Lar Feliz 2', '10000067', 'CriptoEscudo367&', 0),
('00000000268', 'amandaa.dias368@email.com', '5511998530047', 'Amandaa', 'Dias', 'Alameda da Paz', 6898, 'Parque 2', '10000068', 'InviolavelSentinela368*', 0),
('00000000269', 'bernardo.ferreira369@email.com', '5511998530048', 'Bernardo', 'Ferreira', 'Rua da Felicidade', 6909, 'Casa da Joia 2', '10000069', 'GuardiãChave369(', 0),
('00000000270', 'camilo.rocha370@email.com', '5511998530049', 'Camilo', 'Rocha', 'Avenida da Sorte', 7010, NULL, '10000070', 'EscondidaSenha370)', 0),
('00000000271', 'diega.mendes371@email.com', '5511998530050', 'Diega', 'Mendes', 'Travessa da Inspiração', 7121, 'Atelie 4', '10000071', 'ForteCodificada371!', 0),
('00000000272', 'eriko.nunes372@email.com', '5511998530051', 'Eriko', 'Nunes', 'Rua do Entendimento', 7232, NULL, '10000072', 'SeguraPassagem372@', 0),
('00000000273', 'fabioo.carvalho373@email.com', '5511998530052', 'Fabioo', 'Carvalho', 'Alameda da Criatividade', 7343, 'Estudio 2', '10000073', 'MisteriosaProtecao373#', 0),
('00000000274', 'giovann.alves374@email.com', '5511998530053', 'Giovann', 'Alves', 'Rua do Brilho', 7454, 'Joalheria 2', '10000074', 'InteligenteFortaleza374$', 0),
('00000000275', 'henriquez.azevedo375@email.com', '5511998530054', 'Henriquez', 'Azevedo', 'Avenida da Luz', 7565, 'Farol 2', '10000075', 'SecretaLabirinto375%', 0),
('00000000276', 'ingrida.barros376@email.com', '5511998530055', 'Ingrida', 'Barros', 'Travessa do Som', 7676, 'Estudio de Som 2', '10000076', 'BlindadaCofre376^', 0),
('00000000277', 'julia.campos377@email.com', '5511998530056', 'Julia', 'Campos', 'Rua da Curiosidade', 7787, NULL, '10000077', 'CriptoEscudo377&', 0),
('00000000278', 'karino.queiroz378@email.com', '5511998530057', 'Karino', 'Queiroz', 'Alameda dos Desafios', 7898, 'Ginásio 2', '10000078', 'InviolavelSentinela378*', 0),
('00000000279', 'luca.ramos379@email.com', '5511998530058', 'Luca', 'Ramos', 'Rua da Vitória', 7909, 'Pódio 2', '10000079', 'GuardiãChave379(', 0),
('00000000280', 'mariano.tavares380@email.com', '5511998530059', 'Mariano', 'Tavares', 'Avenida do Triunfo', 8010, NULL, '10000080', 'EscondidaSenha380)', 0),
('00000000281', 'nico.vieira381@email.com', '5511998530060', 'Nico', 'Vieira', 'Travessa da Prosperidade', 8121, 'Tesouro 2', '10000081', 'ForteCodificada381!', 0),
('00000000282', 'olivi.xavier382@email.com', '5511998530061', 'Olivi', 'Xavier', 'Rua da Abundância', 8232, NULL, '82000082', 'SeguraPassagem382@', 0),
('00000000283', 'pedroo.yoshida383@email.com', '5511998530062', 'Pedroo', 'Yoshida', 'Alameda da Riqueza', 8343, 'Banco 2', '10000083', 'MisteriosaProtecao383#', 0),
('00000000284', 'quintina.zanetti384@email.com', '5511998530063', 'Quintina', 'Zanetti', 'Rua do Crescimento', 8454, 'Plantação 2', '10000084', 'InteligenteFortaleza384$', 0),
('00000000285', 'rodrig.moreira385@email.com', '5511998530064', 'Rodrig', 'Moreira', 'Avenida da Evolução', 8565, NULL, '10000085', 'SecretaLabirinto385%', 0),
('00000000286', 'sabrin.nascimento386@email.com', '5511998530065', 'Sabrin', 'Nascimento', 'Travessa do Futuro', 8676, 'Lab. Futuro 2', '10000086', 'BlindadaCofre386^', 0),
('00000000287', 'tarcisioo.machado387@email.com', '5511998530066', 'Tarcisioo', 'Machado', 'Rua da Memória', 8787, 'Museu 2', '10000087', 'CriptoEscudo387&', 0),
('00000000288', 'vaness.neves388@email.com', '5511998530067', 'Vaness', 'Neves', 'Alameda da História', 8898, NULL, '10000088', 'InviolavelSentinela388*', 0),
('00000000289', 'wagne.barbosa389@email.com', '5511998530068', 'Wagne', 'Barbosa', 'Rua do Legado', 8909, 'Monumentos 2', '10000089', 'GuardiãChave389(', 0),
('00000000290', 'ximen.reis390@email.com', '5511998530069', 'Ximen', 'Reis', 'Avenida da Herança', 9010, NULL, '10000090', 'EscondidaSenha390)', 0),
('00000000291', 'yagoa.pinheiro391@email.com', '5511998530070', 'Yagoa', 'Pinheiro', 'Travessa da Sabedoria Antiga', 9121, 'Ruinas 2', '10000091', 'ForteCodificada391!', 0),
('00000000292', 'zaira.freitas392@email.com', '5511998530071', 'Zaira', 'Freitas', 'Rua do Mistério', 9232, NULL, '92000092', 'SeguraPassagem392@', 0),
('00000000293', 'alice.guimaraes393@email.com', '5511998530072', 'Alice', 'Guimarães', 'Alameda do Inexplicável', 9343, 'Area 51 2', '93000093', 'MisteriosaProtecao393#', 0),
('00000000294', 'bruno.pacheco394@email.com', '5511998530073', 'Bruno', 'Pacheco', 'Rua da Curiosidade Profunda', 9454, NULL, '94000094', 'InteligenteFortaleza394$', 0),
('00000000295', 'carla.duarte395@email.com', '5511998530074', 'Carla', 'Duarte', 'Avenida da Busca', 9565, 'Expedição 2', '10000095', 'SecretaLabirinto395%', 0),
('00000000296', 'daniel.figueiredo396@email.com', '5511998530075', 'Daniel', 'Figueiredo', 'Travessa da Jornada', 9676, NULL, '96000096', 'BlindadaCofre396^', 0),
('00000000297', 'elisa.sales397@email.com', '5511998530076', 'Elisa', 'Sales', 'Rua do Descobrimento', 9787, 'Mapa 2', '10000097', 'CriptoEscudo397&', 0),
('00000000298', 'fernando.brito398@email.com', '5511998530077', 'Fernando', 'Brito', 'Alameda da Novidade', 9898, NULL, '98000098', 'InviolavelSentinela398*', 0),
('00000000299', 'gabriela.cunha399@email.com', '5511998530078', 'Gabriela', 'Cunha', 'Rua da Transformação', 9909, 'Metamorfose 2', '99000099', 'GuardiãChave399(', 0),
('00000000300', 'hugo.melo400@email.com', '5511998530079', 'Hugo', 'Melo', 'Avenida da Reinvenção', 10010, NULL, '10000100', 'EscondidaSenha400)', 0),
('00000000301', 'isabela.silva401@email.com', '5511998530080', 'Isabela', 'Silva', 'Rua da Alegria', 121, 'Apto 1', '10000001', 'ForteChave401!', 0),
('00000000302', 'joao.santos402@email.com', '5511998530081', 'João', 'Santos', 'Avenida do Sol', 232, NULL, '10000002', 'SeguraSenha402@', 0),
('00000000303', 'larissa.oliveira403@email.com', '5511998530082', 'Larissa', 'Oliveira', 'Travessa da Paz', 343, 'Casa A', '10000003', 'MisteriosaCodificada403#', 0),
('00000000304', 'marcos.pereira404@email.com', '5511998530083', 'Marcos', 'Pereira', 'Alameda das Estrelas', 454, 'Bloco 1', '10000004', 'InteligentePassagem404$', 0),
('00000000305', 'natalia.costa405@email.com', '5511998530084', 'Natalia', 'Costa', 'Rua da Esperança', 565, NULL, '10000005', 'SecretaProtecao405%', 0),
('00000000306', 'otavio.martins406@email.com', '5511998530085', 'Otavio', 'Martins', 'Estrada da Felicidade', 676, 'Sitio B', '10000006', 'BlindadaFortaleza406^', 0),
('00000000307', 'paula.rodrigues407@email.com', '5511998530086', 'Paula', 'Rodrigues', 'Rua do Amor', 787, 'Apto 2', '10000007', 'CriptoLabirinto407&', 0),
('00000000308', 'rafael.almeida408@email.com', '5511998530087', 'Rafael', 'Almeida', 'Avenida da Harmonia', 898, 'Andar 10', '10000008', 'InviolavelCofre408*', 0),
('00000000309', 'sofia.gomes409@email.com', '5511998530088', 'Sofia', 'Gomes', 'Praça da Luz', 909, NULL, '10000009', 'GuardiãEscudo409(', 0),
('00000000310', 'thiago.fernandes410@email.com', '5511998530089', 'Thiago', 'Fernandes', 'Rua do Futuro', 1010, 'Casa C', '10000010', 'EscondidaSentinela410)', 0),
('00000000311', 'ursula.souza411@email.com', '5511998530090', 'Ursula', 'Souza', 'Rua da Esperança', 1121, 'Bloco D', '10000011', 'ForteSenha411!', 0),
('00000000312', 'victor.lima412@email.com', '5511998530091', 'Victor', 'Lima', 'Avenida da Paz', 1232, 'Apto 4', '10000012', 'SeguraCodificada412@', 0),
('00000000313', 'wanderley.monteiro413@email.com', '5511998530092', 'Wanderley', 'Monteiro', 'Travessa dos Sonhos', 1343, NULL, '10000013', 'MisteriosaPassagem413#', 0),
('00000000314', 'xenia.pires414@email.com', '5511998530093', 'Xênia', 'Pires', 'Rua das Flores', 1454, 'Casa 2', '10000014', 'InteligenteProtecao414$', 0),
('00000000315', 'yasmin.ribeiro415@email.com', '5511998530094', 'Yasmin', 'Ribeiro', 'Alameda dos Pássaros', 1565, 'Apto 5', '10000015', 'SecretaFortaleza415%', 0),
('00000000316', 'zeca.cardoso416@email.com', '5511998530095', 'Zeca', 'Cardoso', 'Rua dos Coqueiros', 1676, NULL, '10000016', 'BlindadaLabirinto416^', 0),
('00000000317', 'amand.goncalves417@email.com', '5511998530096', 'Amand', 'Gonçalves', 'Avenida das Árvores', 1787, 'Cobertura', '10000017', 'CriptoCofre417&', 0),
('00000000318', 'bernard.dias418@email.com', '5511998530097', 'Bernard', 'Dias', 'Rua do Mar', 1898, 'Casa de Praia', '10000018', 'InviolavelEscudo418*', 0),
('00000000319', 'camila.ferreira419@email.com', '5511998530098', 'Camila', 'Ferreira', 'Praça do Céu', 1909, NULL, '10000019', 'GuardiãSentinela419(', 0),
('00000000320', 'diego.rocha420@email.com', '5511998530099', 'Diego', 'Rocha', 'Rua da Montanha', 2010, 'Chalé 2', '10000020', 'EscondidaChave420)', 0),
('00000000321', 'erika.mendes421@email.com', '5511998530100', 'Erika', 'Mendes', 'Avenida do Lago', 2121, 'Casa principal', '10000021', 'ForteCodificada421!', 0),
('00000000322', 'fabio.nunes422@email.com', '5511998530101', 'Fabio', 'Nunes', 'Rua da Floresta', 2232, NULL, '10000022', 'SeguraPassagem422@', 0),
('00000000323', 'giovanna.carvalho423@email.com', '55119797500001', 'Giovanna', 'Carvalho', 'Alameda dos Beija-Flores', 2343, 'Apto 6', '10000023', 'MisteriosaProtecao423#', 0),
('00000000324', 'henrique.alves424@email.com', '5511979750002', 'Henrique', 'Alves', 'Rua dos Bambus', 2454, NULL, '10000024', 'InteligenteFortaleza424$', 0),
('00000000325', 'ingrid.azevedo425@email.com', '5511979750003', 'Ingrid', 'Azevedo', 'Avenida da Cachoeira', 2565, 'Sitio 3', '10000025', 'SecretaLabirinto425%', 0),
('00000000326', 'julio.barros426@email.com', '5511979750004', 'Julio', 'Barros', 'Rua dos Girassóis', 2676, 'Casa 3', '10000026', 'BlindadaCofre426^', 0),
('00000000327', 'karina.campos427@email.com', '5511979750005', 'Karina', 'Campos', 'Travessa do Campo Verde', 2787, 'Apto 7', '10000027', 'CriptoEscudo427&', 0),
('00000000328', 'lucas.queiroz428@email.com', '5511979750006', 'Lucas', 'Queiroz', 'Rua dos Ventos', 2898, NULL, '10000028', 'InviolavelSentinela428*', 0),
('00000000329', 'mariana.ramos429@email.com', '5511979750007', 'Mariana', 'Ramos', 'Avenida dos Pescadores', 2909, 'Barco 4', '10000029', 'GuardiãChave429(', 0),
('00000000330', 'nicolas.tavares430@email.com', '5511979750008', 'Nicolas', 'Tavares', 'Rua da Colina', 3010, 'Casa com vista 2', '10000030', 'EscondidaSenha430)', 0),
('00000000331', 'olivia.vieira431@email.com', '5511979750009', 'Olivia', 'Vieira', 'Alameda das Rosas', 3121, 'Jardim 3', '10000031', 'ForteCodificada431!', 0),
('00000000332', 'pedro.xavier432@email.com', '55119797500010', 'Pedro', 'Xavier', 'Rua dos Pomares', 3232, NULL, '32000032', 'SeguraPassagem432@', 0),
('00000000333', 'quintana.yoshida433@email.com', '5511979750011', 'Quintana', 'Yoshida', 'Avenida das Cachoeiras', 3343, 'Fazenda 4', '33000033', 'MisteriosaProtecao433#', 0),
('00000000334', 'rodrigo.zanetti434@email.com', '5511979750012', 'Rodrigo', 'Zanetti', 'Rua dos Cedros', 3454, 'Sitio 5', '34000034', 'InteligenteFortaleza434$', 0),
('00000000335', 'sabrina.moreira435@email.com', '5511979750013', 'Sabrina', 'Moreira', 'Praça do Sol Poente', 3565, NULL, '35000035', 'SecretaLabirinto435%', 0),
('00000000336', 'tarcisio.nascimento436@email.com', '5511979750014', 'Tarcisio', 'Nascimento', 'Rua da Chuva', 3676, 'Apto 8', '36000036', 'BlindadaCofre436^', 0),
('00000000337', 'vanessa.machado437@email.com', '5511979750015', 'Vanessa', 'Machado', 'Avenida das Margaridas', 3787, 'Jardim 4', '37000037', 'CriptoEscudo437&', 0),
('00000000338', 'wagner.neves438@email.com', '5511979750016', 'Wagner', 'Neves', 'Travessa dos Rios', 3898, NULL, '38000038', 'InviolavelSentinela438*', 0),
('00000000339', 'ximena.barbosa439@email.com', '5511979750017', 'Ximena', 'Barbosa', 'Rua das Pedras', 3909, 'Casa de pedra 2', '39000039', 'GuardiãChave439(', 0),
('00000000340', 'yago.reis440@email.com', '5511979750018', 'Yago', 'Reis', 'Alameda dos Sabores', 4010, 'Restaurante 2', '40000040', 'EscondidaSenha440)', 0),
('00000000341', 'zaira.pinheiro441@email.com', '5511979750018', 'Zaira', 'Pinheiro', 'Rua do Eco', 4121, NULL, '41000041', 'ForteCodificada441!', 0),
('00000000342', 'alicea.freitas442@email.com', '5511979750019', 'Alicea', 'Freitas', 'Avenida dos Pardais', 4232, 'Ninho 2', '42000042', 'SeguraPassagem442@', 0),
('00000000343', 'brunoa.guimaraes443@email.com', '5511979750020', 'Brunoa', 'Guimarães', 'Travessa do Vento Frio', 4343, 'Apto 9', '43000043', 'MisteriosaProtecao443#', 0),
('00000000344', 'carlaa.pacheco444@email.com', '5511979750021', 'Carlaa', 'Pacheco', 'Rua dos Campos', 4454, 'Fazenda 6', '44000044', 'InteligenteFortaleza444$', 0),
('00000000345', 'daniela.duarte445@email.com', '5511979750022', 'Daniela', 'Duarte', 'Alameda das Estrelas', 4565, NULL, '45000045', 'SecretaLabirinto445%', 0),
('00000000346', 'elise.figueiredo446@email.com', '5511979750023', 'Elise', 'Figueiredo', 'Rua do Vale', 4676, 'Vale Verde 2', '46000046', 'BlindadaCofre446^', 0),
('00000000347', 'fernande.sales447@email.com', '5511979750024', 'Fernande', 'Sales', 'Avenida da Harmonia', 4787, 'Musica 2', '47000047', 'CriptoEscudo447&', 0),
('00000000348', 'gabriel.brito448@email.com', '5511979750025', 'Gabriel', 'Brito', 'Rua da Fantasia', 4898, 'Reino 2', '48000048', 'InviolavelSentinela448*', 0),
('00000000349', 'huga.cunha449@email.com', '5511979750026', 'Huga', 'Cunha', 'Travessa dos Pássaros Livres', 4909, NULL, '49000049', 'GuardiãChave449(', 0),
('00000000350', 'isabel.melo450@email.com', '5511979750027', 'Isabel', 'Melo', 'Rua do Pôr do Sol', 5010, 'Chale 3', '50000050', 'EscondidaSenha450)', 0),
('00000000351', 'joaoa.silva451@email.com', '5511979750028', 'Joaoa', 'Silva', 'Alameda das Flores Roxas', 5121, 'Jardim 5', '51000051', 'ForteCodificada451!', 0),
('00000000352', 'larissaa.santos452@email.com', '5511979750029', 'Larissaa', 'Santos', 'Rua dos Cajueiros', 5232, NULL, '52000052', 'SeguraPassagem452@', 0),
('00000000353', 'marcose.oliveira453@email.com', '5511979750030', 'Marcose', 'Oliveira', 'Avenida das Dunas', 5343, 'Praia 2', '53000053', 'MisteriosaProtecao453#', 0),
('00000000354', 'nataliae.pereira454@email.com', '5511979750031', 'Nataliae', 'Pereira', 'Travessa das Estrelas Cadentes', 5454, 'Observatorio 2', '54000054', 'InteligenteFortaleza454$', 0),
('00000000355', 'otavioe.costa455@email.com', '5511979750032', 'Otavioe', 'Costa', 'Rua do Silêncio', 5565, NULL, '5511979750000ecretaLabirinto455%', 0),
('00000000356', 'paulaa.martins456@email.com', '5511979750033', 'Paulaa', 'Martins', 'Avenida do Amanhecer', 5676, 'Nascer do Sol 2', '56000056', 'BlindadaCofre456^', 0),
('00000000357', 'rafaela.rodrigues457@email.com', '5511979750034', 'Rafaela', 'Rodrigues', 'Rua da Inovação', 5787, 'Startup 2', '57000057', 'CriptoEscudo457&', 0),
('00000000358', 'sofiaa.almeida458@email.com', '5511979750035', 'Sofiaa', 'Almeida', 'Alameda da Criatividade', 5898, 'Atelie 3', '58000058', 'InviolavelSentinela458*', 0),
('00000000359', 'thiagoe.gomes459@email.com', '5511979750036', 'Thiagoe', 'Gomes', 'Rua da Aventura', 5909, NULL, '59000059', 'GuardiãChave459(', 0),
('00000000360', 'ursulae.fernandes460@email.com', '5511979750037', 'Ursulae', 'Fernandes', 'Avenida do Conhecimento', 6010, 'Biblioteca 2', '60000060', 'EscondidaSenha460)', 0),
('00000000361', 'victore.souza461@email.com', '5511979750038', 'Victore', 'Souza', 'Travessa da Sabedoria', 6121, NULL, '61000061', 'ForteCodificada461!', 0),
('00000000362', 'wanderle.lima462@email.com', '5511979750039', 'Wanderle', 'Lima', 'Rua da Simpatia', 6232, 'Apto 10', '62000062', 'SeguraPassagem462@', 0),
('00000000363', 'xeniaa.monteiro463@email.com', '5511979750040', 'Xeniaa', 'Monteiro', 'Alameda do Carinho', 6343, 'Casa 7', '63000063', 'MisteriosaProtecao463#', 0),
('00000000364', 'yasmina.pires464@email.com', '5511979750041', 'Yasmina', 'Pires', 'Rua da Sinceridade', 6454, NULL, '64000064', 'InteligenteFortaleza464$', 0),
('00000000365', 'zecaa.ribeiro465@email.com', '5511979750042', 'Zecaa', 'Ribeiro', 'Avenida da Confiança', 6565, 'Escritorio 3', '65000065', 'SecretaLabirinto465%', 0),
('00000000366', 'amandaa.cardoso466@email.com', '5511979750043', 'Amandaa', 'Cardoso', 'Travessa da Esperança', 6676, 'Sonho 2', '66000066', 'BlindadaCofre466^', 0),
('00000000367', 'bernardo.goncalves467@email.com', '5511979750044', 'Bernardo', 'Gonçalves', 'Rua da Gratidão', 6787, 'Lar Feliz 2', '67000067', 'CriptoEscudo467&', 0),
('00000000368', 'camilo.dias468@email.com', '5511979750045', 'Camilo', 'Dias', 'Alameda da Paz', 6898, 'Parque 2', '68000068', 'InviolavelSentinela468*', 0),
('00000000369', 'diega.ferreira469@email.com', '5511979750046', 'Diega', 'Ferreira', 'Rua da Felicidade', 6909, 'Casa da Joia 2', '69000069', 'GuardiãChave469(', 0),
('00000000370', 'eriko.rocha470@email.com', '5511979750047', 'Eriko', 'Rocha', 'Avenida da Sorte', 7010, NULL, '70000070', 'EscondidaSenha470)', 0),
('00000000371', 'fabioo.mendes471@email.com', '5511979750048', 'Fabioo', 'Mendes', 'Travessa da Inspiração', 7121, 'Atelie 4', '71000071', 'ForteCodificada471!', 0),
('00000000372', 'giovann.nunes472@email.com', '5511979750049', 'Giovann', 'Nunes', 'Rua do Entendimento', 7232, NULL, '72000072', 'SeguraPassagem472@', 0),
('00000000373', 'henriquez.carvalho473@email.com', '5511979750050', 'Henriquez', 'Carvalho', 'Alameda da Criatividade', 7343, 'Estudio 2', '73000073', 'MisteriosaProtecao473#', 0),
('00000000374', 'ingrida.alves474@email.com', '551197975051', 'Ingrida', 'Alves', 'Rua do Brilho', 7454, 'Joalheria 2', '74000074', 'InteligenteFortaleza474$', 0),
('00000000375', 'julia.azevedo475@email.com', '5511979750052', 'Julia', 'Azevedo', 'Avenida da Luz', 7565, 'Farol 2', '75000075', 'SecretaLabirinto475%', 0),
('00000000376', 'karino.barros476@email.com', '5511979750053', 'Karino', 'Barros', 'Travessa do Som', 7676, 'Estudio de Som 2', '76000076', 'BlindadaCofre476^', 0),
('00000000377', 'luca.campos477@email.com', '5511979750054', 'Luca', 'Campos', 'Rua da Curiosidade', 7787, NULL, '77000077', 'CriptoEscudo477&', 0),
('00000000378', 'mariano.queiroz478@email.com', '5511979750055', 'Mariano', 'Queiroz', 'Alameda dos Desafios', 7898, 'Ginásio 2', '78000078', 'InviolavelSentinela478*', 0),
('00000000379', 'nico.ramos479@email.com', '5511979750056', 'Nico', 'Ramos', 'Rua da Vitória', 7909, 'Pódio 2', '79000079', 'GuardiãChave479(', 0),
('00000000380', 'olivi.tavares480@email.com', '5511979750057', 'Olivi', 'Tavares', 'Avenida do Triunfo', 8010, NULL, '80000080', 'EscondidaSenha480)', 0),
('00000000381', 'pedroo.vieira481@email.com', '5511979750058', 'Pedroo', 'Vieira', 'Travessa da Prosperidade', 8121, 'Tesouro 2', '81000081', 'ForteCodificada481!', 0),
('00000000382', 'quintina.xavier482@email.com', '5511979750059', 'Quintina', 'Xavier', 'Rua da Abundância', 8232, NULL, '82000082', 'SeguraPassagem482@', 0),
('00000000383', 'rodrig.yoshida483@email.com', '5511979750060', 'Rodrig', 'Yoshida', 'Alameda da Riqueza', 8343, 'Banco 2', '10000083', 'MisteriosaProtecao483#', 0),
('00000000384', 'sabrin.zanetti484@email.com', '5511979750061', 'Sabrin', 'Zanetti', 'Rua do Crescimento', 8454, 'Plantação 2', '10000084', 'InteligenteFortaleza484$', 0),
('00000000385', 'tarcisioo.moreira485@email.com', '5511979750062', 'Tarcisioo', 'Moreira', 'Avenida da Evolução', 8565, NULL, '10000085', 'SecretaLabirinto485%', 0),
('00000000386', 'vaness.nascimento486@email.com', '5511979750063', 'Vaness', 'Nascimento', 'Travessa do Futuro', 8676, 'Lab. Futuro 2', '10000086', 'BlindadaCofre486^', 0),
('00000000387', 'wagne.machado487@email.com', '5511979750064', 'Wagne', 'Machado', 'Rua da Memória', 8787, 'Museu 2', '10000087', 'CriptoEscudo487&', 0),
('00000000388', 'ximen.neves488@email.com', '5511979750065', 'Ximen', 'Neves', 'Alameda da História', 8898, NULL, '10000088', 'InviolavelSentinela488*', 0),
('00000000389', 'yagoa.barbosa489@email.com', '5511979750066', 'Yagoa', 'Barbosa', 'Rua do Legado', 8909, 'Monumentos 2', '10000089', 'GuardiãChave489(', 0),
('00000000390', 'zaira.reis490@email.com', '5511979750067', 'Zaira', 'Reis', 'Avenida da Herança', 9010, NULL, '10000090', 'EscondidaSenha490)', 0),
('00000000391', 'alice.pinheiro491@email.com', '5511979750068', 'Alice', 'Pinheiro', 'Travessa da Sabedoria Antiga', 9121, 'Ruinas 2', '10000091', 'ForteCodificada491!', 0),
('00000000392', 'bruno.freitas492@email.com', '5511979750069', 'Bruno', 'Freitas', 'Rua do Mistério', 9232, NULL, '92000092', 'SeguraPassagem492@', 0),
('00000000393', 'carla.guimaraes493@email.com', '5511979750070', 'Carla', 'Guimarães', 'Alameda do Inexplicável', 9343, 'Area 51 2', '93000093', 'MisteriosaProtecao493#', 0),
('00000000394', 'daniel.pacheco494@email.com', '5511979750071', 'Daniel', 'Pacheco', 'Rua da Curiosidade Profunda', 9454, NULL, '94000094', 'InteligenteFortaleza494$', 0),
('00000000395', 'elisa.duarte495@email.com', '5511979750072', 'Elisa', 'Duarte', 'Avenida da Busca', 9565, 'Expedição 2', '10000095', 'SecretaLabirinto495%', 0),
('00000000396', 'fernando.figueiredo496@email.com', '5511979750073', 'Fernando', 'Figueiredo', 'Travessa da Jornada', 9676, NULL, '96000096', 'BlindadaCofre496^', 0),
('00000000397', 'gabriela.sales497@email.com', '5511979750074', 'Gabriela', 'Sales', 'Rua do Descobrimento', 9787, 'Mapa 2', '10000097', 'CriptoEscudo497&', 0),
('00000000398', 'hugo.brito498@email.com', '5511979750075', 'Hugo', 'Brito', 'Alameda da Novidade', 9898, NULL, '98000098', 'InviolavelSentinela498*', 0),
('00000000399', 'isabela.cunha499@email.com', '5511979750076', 'Isabela', 'Cunha', 'Rua da Transformação', 9909, 'Metamorfose 2', '99000099', 'GuardiãChave499(', 0),
('00000000400', 'joao.melo500@email.com', '5519979750077', 'João', 'Melo', 'Avenida da Reinvenção', 10010, NULL, '10000100', 'EscondidaSenha500)', 0),
('00000000401', 'larissa.silva501@email.com', '5519998750000', 'Larissa', 'Silva', 'Rua da Alegria', 121, 'Apto 1', '10000001', 'ForteChave501!', 0),
('00000000402', 'marcos.santos502@email.com', '5519997750001', 'Marcos', 'Santos', 'Avenida do Sol', 232, NULL, '10000002', 'SeguraSenha502@', 0),
('00000000403', 'natalia.oliveira503@email.com', '5519998650002', 'Natalia', 'Oliveira', 'Travessa da Paz', 343, 'Casa A', '10000003', 'MisteriosaCodificada503#', 0),
('00000000404', 'otavio.pereira504@email.com', '5519998750003', 'Otavio', 'Pereira', 'Alameda das Estrelas', 454, 'Bloco 1', '10000004', 'InteligentePassagem504$', 0),
('00000000405', 'paula.costa505@email.com', '5519998750004', 'Paula', 'Costa', 'Rua da Esperança', 565, NULL, '10000005', 'SecretaProtecao505%', 0),
('00000000406', 'rafael.martins506@email.com', '5519998780005', 'Rafael', 'Martins', 'Estrada da Felicidade', 676, 'Sitio B', '10000006', 'BlindadaFortaleza506^', 0),
('00000000407', 'sofia.rodrigues507@email.com', '5519998750006', 'Sofia', 'Rodrigues', 'Rua do Amor', 787, 'Apto 2', '10000007', 'CriptoLabirinto507&', 0),
('00000000408', 'thiago.almeida508@email.com', '5519998750007', 'Thiago', 'Almeida', 'Avenida da Harmonia', 898, 'Andar 10', '10000008', 'InviolavelCofre508*', 0),
('00000000409', 'ursula.gomes509@email.com', '5519998750008', 'Ursula', 'Gomes', 'Praça da Luz', 909, NULL, '10000009', 'GuardiãEscudo509(', 0),
('00000000410', 'victor.fernandes510@email.com', '5519998750009', 'Victor', 'Fernandes', 'Rua do Futuro', 1010, 'Casa C', '10000010', 'EscondidaSentinela510)', 0),
('00000000411', 'wanderley.souza511@email.com', '55199987500010', 'Wanderley', 'Souza', 'Rua da Esperança', 1121, 'Bloco D', '10000011', 'ForteSenha511!', 0),
('00000000412', 'xenia.lima512@email.com', '5519998750011', 'Xênia', 'Lima', 'Avenida da Paz', 1232, 'Apto 4', '10000012', 'SeguraCodificada512@', 0),
('00000000413', 'yasmin.monteiro513@email.com', '5519998750012', 'Yasmin', 'Monteiro', 'Travessa dos Sonhos', 1343, NULL, '10000013', 'MisteriosaPassagem513#', 0),
('00000000414', 'zeca.pires514@email.com', '5519998750013', 'Zeca', 'Pires', 'Rua das Flores', 1454, 'Casa 2', '10000014', 'InteligenteProtecao514$', 0),
('00000000415', 'amand.ribeiro515@email.com', '5519998750014', 'Amand', 'Ribeiro', 'Alameda dos Pássaros', 1565, 'Apto 5', '10000015', 'SecretaFortaleza515%', 0),
('00000000416', 'bernard.cardoso516@email.com', '5519998750015', 'Bernard', 'Cardoso', 'Rua dos Coqueiros', 1676, NULL, '10000016', 'BlindadaLabirinto516^', 0),
('00000000417', 'camila.goncalves517@email.com', '5519998750016', 'Camila', 'Gonçalves', 'Avenida das Árvores', 1787, 'Cobertura', '10000017', 'CriptoCofre517&', 0),
('00000000418', 'diego.dias518@email.com', '5519998750017', 'Diego', 'Dias', 'Rua do Mar', 1898, 'Casa de Praia', '10000018', 'InviolavelEscudo518*', 0),
('00000000419', 'erika.ferreira519@email.com', '5519998750018', 'Erika', 'Ferreira', 'Praça do Céu', 1909, NULL, '10000019', 'GuardiãSentinela519(', 0),
('00000000420', 'fabio.rocha520@email.com', '5519998750019', 'Fabio', 'Rocha', 'Rua da Montanha', 2010, 'Chalé 2', '10000020', 'EscondidaChave520)', 0),
('00000000421', 'giovanna.mendes521@email.com', '5519998750020', 'Giovanna', 'Mendes', 'Avenida do Lago', 2121, 'Casa principal', '10000021', 'ForteCodificada521!', 0),
('00000000422', 'henrique.nunes522@email.com', '5519998750021', 'Henrique', 'Nunes', 'Rua da Floresta', 2232, NULL, '10000022', 'SeguraPassagem522@', 0),
('00000000423', 'ingrid.carvalho523@email.com', '5519998750022', 'Ingrid', 'Carvalho', 'Alameda dos Beija-Flores', 2343, 'Apto 6', '10000023', 'MisteriosaProtecao523#', 0),
('00000000424', 'julio.alves524@email.com', '5519998750023', 'Julio', 'Alves', 'Rua dos Bambus', 2454, NULL, '10000024', 'InteligenteFortaleza524$', 0),
('00000000425', 'karina.azevedo525@email.com', '5519998750024', 'Karina', 'Azevedo', 'Avenida da Cachoeira', 2565, 'Sitio 3', '10000025', 'SecretaLabirinto525%', 0),
('00000000426', 'lucas.barros526@email.com', '5519998750025', 'Lucas', 'Barros', 'Rua dos Girassóis', 2676, 'Casa 3', '10000026', 'BlindadaCofre526^', 0),
('00000000427', 'mariana.campos527@email.com', '5519998750026', 'Mariana', 'Campos', 'Travessa do Campo Verde', 2787, 'Apto 7', '10000027', 'CriptoEscudo527&', 0),
('00000000428', 'nicolas.queiroz528@email.com', '5519998750027', 'Nicolas', 'Queiroz', 'Rua dos Ventos', 2898, NULL, '10000028', 'InviolavelSentinela528*', 0),
('00000000429', 'olivia.ramos529@email.com', '5519998750028', 'Olivia', 'Ramos', 'Avenida dos Pescadores', 2909, 'Barco 4', '10000029', 'GuardiãChave529(', 0),
('00000000430', 'pedro.tavares530@email.com', '5519998750029', 'Pedro', 'Tavares', 'Rua da Colina', 3010, 'Casa com vista 2', '10000030', 'EscondidaSenha530)', 0),
('00000000431', 'quintana.vieira531@email.com', '5519998750030', 'Quintana', 'Vieira', 'Alameda das Rosas', 3121, 'Jardim 3', '10000031', 'ForteCodificada531!', 0),
('00000000432', 'rodrigo.xavier532@email.com', '5519998750031', 'Rodrigo', 'Xavier', 'Rua dos Pomares', 3232, NULL, '32000032', 'SeguraPassagem532@', 0),
('00000000433', 'sabrina.yoshida533@email.com', '5519998750032', 'Sabrina', 'Yoshida', 'Avenida das Cachoeiras', 3343, 'Fazenda 4', '33000033', 'MisteriosaProtecao533#', 0),
('00000000434', 'tarcisio.zanetti534@email.com', '5519998750033', 'Tarcisio', 'Zanetti', 'Rua dos Cedros', 3454, 'Sitio 5', '34000034', 'InteligenteFortaleza534$', 0),
('00000000435', 'vanessa.moreira535@email.com', '5519998750034', 'Vanessa', 'Moreira', 'Praça do Sol Poente', 3565, NULL, '35000035', 'SecretaLabirinto535%', 0),
('00000000436', 'wagner.nascimento536@email.com', '5519998750035', 'Wagner', 'Nascimento', 'Rua da Chuva', 3676, 'Apto 8', '36000036', 'BlindadaCofre536^', 0),
('00000000437', 'ximena.machado537@email.com', '5519998750036', 'Ximena', 'Machado', 'Avenida das Margaridas', 3787, 'Jardim 4', '37000037', 'CriptoEscudo537&', 0),
('00000000438', 'yago.neves538@email.com', '5519998750037', 'Yago', 'Neves', 'Travessa dos Rios', 3898, NULL, '38000038', 'InviolavelSentinela538*', 0),
('00000000439', 'zaira.barbosa539@email.com', '5519998750038', 'Zaira', 'Barbosa', 'Rua das Pedras', 3909, 'Casa de pedra 2', '39000039', 'GuardiãChave539(', 0),
('00000000440', 'alicea.reis540@email.com', '5519998750039', 'Alicea', 'Reis', 'Alameda dos Sabores', 4010, 'Restaurante 2', '40000040', 'EscondidaSenha540)', 0),
('00000000441', 'brunoa.pinheiro541@email.com', '5519998750040', 'Brunoa', 'Pinheiro', 'Rua do Eco', 4121, NULL, '41000041', 'ForteCodificada441!', 0),
('00000000442', 'carlaa.freitas542@email.com', '5519998750041', 'Carlaa', 'Freitas', 'Avenida dos Pardais', 4232, 'Ninho 2', '42000042', 'SeguraPassagem442@', 0),
('00000000443', 'daniela.guimaraes543@email.com', '5519998750042', 'Daniela', 'Guimarães', 'Travessa do Vento Frio', 4343, 'Apto 9', '43000043', 'MisteriosaProtecao443#', 0),
('00000000444', 'elise.pacheco544@email.com', '5519998750043', 'Elise', 'Pacheco', 'Rua dos Campos', 4454, 'Fazenda 6', '44000044', 'InteligenteFortaleza444$', 0),
('00000000445', 'fernande.duarte545@email.com', '5519998750044', 'Fernande', 'Duarte', 'Alameda das Estrelas', 4565, NULL, '45000045', 'SecretaLabirinto455%', 0),
('00000000446', 'gabriel.figueiredo546@email.com', '5519998750045', 'Gabriel', 'Figueiredo', 'Rua do Vale', 4676, 'Vale Verde 2', '46000046', 'BlindadaCofre456^', 0),
('00000000447', 'huga.sales547@email.com', '5519998750046', 'Huga', 'Sales', 'Avenida da Harmonia', 4787, 'Musica 2', '47000047', 'CriptoEscudo457&', 0),
('00000000448', 'isabel.brito548@email.com', '5519998750047', 'Isabel', 'Brito', 'Rua da Fantasia', 4898, 'Reino 2', '48000048', 'InviolavelSentinela458*', 0),
('00000000449', 'joaoa.cunha549@email.com', '5519998750048', 'Joaoa', 'Cunha', 'Travessa dos Pássaros Livres', 4909, NULL, '49000049', 'GuardiãChave459(', 0),
('00000000450', 'larissaa.melo550@email.com', '551999875000049', 'Larissaa', 'Melo', 'Rua do Pôr do Sol', 5010, 'Chale 3', '50000050', 'EscondidaSenha460)', 0),
('00000000451', 'marcose.silva551@email.com', '5519998750050', 'Marcose', 'Silva', 'Alameda das Flores Roxas', 5121, 'Jardim 5', '51000051', 'ForteCodificada461!', 0),
('00000000452', 'nataliae.santos552@email.com', '5519998750051', 'Nataliae', 'Santos', 'Rua dos Cajueiros', 5232, NULL, '52000052', 'SeguraPassagem462@', 0),
('00000000453', 'otavioe.oliveira553@email.com', '5519998750052', 'Otavioe', 'Oliveira', 'Avenida das Dunas', 5343, 'Praia 2', '53000053', 'MisteriosaProtecao463#', 0),
('00000000454', 'paulaa.pereira554@email.com', '5519998750053', 'Paulaa', 'Pereira', 'Travessa das Estrelas Cadentes', 5454, 'Observatorio 2', '54000054', 'InteligenteFortaleza464$', 0),
('00000000455', 'rafaela.costa555@email.com', '55199987500054', 'Rafaela', 'Costa', 'Rua do Silêncio', 5565, NULL, 'ecretaLabirinto465%', 0),
('00000000456', 'sofiaa.martins556@email.com', '55199987500055', 'Sofiaa', 'Martins', 'Avenida do Amanhecer', 5676, 'Nascer do Sol 2', '56000056', 'BlindadaCofre466^', 0),
('00000000457', 'thiagoe.rodrigues557@email.com', '55199987500056', 'Thiagoe', 'Rodrigues', 'Rua da Inovação', 5787, 'Startup 2', '57000057', 'CriptoEscudo467&', 0),
('00000000458', 'ursulae.almeida558@email.com', '55199987500057', 'Ursulae', 'Almeida', 'Alameda da Criatividade', 5898, 'Atelie 3', '58000058', 'InviolavelSentinela468*', 0),
('00000000459', 'victore.gomes559@email.com', '55199987500058', 'Victore', 'Gomes', 'Rua da Aventura', 5909, NULL, '59000059', 'GuardiãChave469(', 0),
('00000000460', 'wanderle.fernandes560@email.com', '5519998750059', 'Wanderle', 'Fernandes', 'Avenida do Conhecimento', 6010, 'Biblioteca 2', '60000060', 'EscondidaSenha470)', 0),
('00000000461', 'xeniaa.souza561@email.com', '5519998750060', 'Xeniaa', 'Souza', 'Travessa da Sabedoria', 6121, NULL, '61000061', 'ForteCodificada471!', 0),
('00000000462', 'yasmina.lima562@email.com', '5519998750061', 'Yasmina', 'Lima', 'Rua da Simpatia', 6232, 'Apto 10', '62000062', 'SeguraPassagem472@', 0),
('00000000463', 'zecaa.monteiro563@email.com', '5519998750062', 'Zecaa', 'Monteiro', 'Alameda do Carinho', 6343, 'Casa 7', '63000063', 'MisteriosaProtecao473#', 0),
('00000000464', 'amandaa.pires564@email.com', '5519998750063', 'Amandaa', 'Pires', 'Rua da Sinceridade', 6454, NULL, '64000064', 'InteligenteFortaleza474$', 0),
('00000000465', 'bernardo.ribeiro565@email.com', '5519998750064', 'Bernardo', 'Ribeiro', 'Avenida da Confiança', 6565, 'Escritorio 3', '65000065', 'SecretaLabirinto475%', 0),
('00000000466', 'camilo.cardoso566@email.com', '5519998750065', 'Camilo', 'Cardoso', 'Travessa da Esperança', 6676, 'Sonho 2', '66000066', 'BlindadaCofre476^', 0),
('00000000467', 'diega.goncalves567@email.com', '5519998750066', 'Diega', 'Gonçalves', 'Rua da Gratidão', 6787, 'Lar Feliz 2', '67000067', 'CriptoEscudo477&', 0),
('00000000468', 'eriko.dias568@email.com', '5519998750067', 'Eriko', 'Dias', 'Alameda da Paz', 6898, 'Parque 2', '68000068', 'InviolavelSentinela478*', 0),
('00000000469', 'fabioo.ferreira569@email.com', '5519998750068', 'Fabioo', 'Ferreira', 'Rua da Felicidade', 6909, 'Casa da Joia 2', '69000069', 'GuardiãChave479(', 0),
('00000000470', 'giovann.rocha570@email.com', '5519998750069', 'Giovann', 'Rocha', 'Avenida da Sorte', 7010, NULL, '70000070', 'EscondidaSenha480)', 0),
('00000000471', 'henriquez.mendes571@email.com', '5519998750070', 'Henriquez', 'Mendes', 'Travessa da Inspiração', 7121, 'Atelie 4', '71000071', 'ForteCodificada481!', 0),
('00000000472', 'ingrida.nunes572@email.com', '5519998750071', 'Ingrida', 'Nunes', 'Rua do Entendimento', 7232, NULL, '72000072', 'SeguraPassagem482@', 0),
('00000000473', 'julia.carvalho573@email.com', '5519998750072', 'Julia', 'Carvalho', 'Alameda da Criatividade', 7343, 'Estudio 2', '73000073', 'MisteriosaProtecao483#', 0),
('00000000474', 'karino.alves574@email.com', '5519998750073', 'Karino', 'Alves', 'Rua do Brilho', 7454, 'Joalheria 2', '74000074', 'InteligenteFortaleza484$', 0),
('00000000475', 'luca.azevedo575@email.com', '5519998750074', 'Luca', 'Azevedo', 'Avenida da Luz', 7565, 'Farol 2', '75000075', 'SecretaLabirinto485%', 0),
('00000000476', 'mariano.barros576@email.com', '5519998750075', 'Mariano', 'Barros', 'Travessa do Som', 7676, 'Estudio de Som 2', '76000076', 'BlindadaCofre486^', 0),
('00000000477', 'nico.campos577@email.com', '5519998750076', 'Nico', 'Campos', 'Rua da Curiosidade', 7787, NULL, '77000077', 'CriptoEscudo487&', 0),
('00000000478', 'olivi.queiroz578@email.com', '5519998750077', 'Olivi', 'Queiroz', 'Alameda dos Desafios', 7898, 'Ginásio 2', '78000078', 'InviolavelSentinela488*', 0),
('00000000479', 'pedroo.ramos579@email.com', '5519998750078', 'Pedroo', 'Ramos', 'Rua da Vitória', 7909, 'Pódio 2', '79000079', 'GuardiãChave489(', 0),
('00000000480', 'quintina.tavares580@email.com', '5519998750079', 'Quintina', 'Tavares', 'Avenida do Triunfo', 8010, NULL, '80000080', 'EscondidaSenha490)', 0),
('00000000481', 'rodrig.vieira581@email.com', '5519998750080', 'Rodrig', 'Vieira', 'Travessa da Prosperidade', 8121, 'Tesouro 2', '81000081', 'ForteCodificada491!', 0),
('00000000482', 'sabrin.xavier582@email.com', '5519998750081', 'Sabrin', 'Xavier', 'Rua da Abundância', 8232, NULL, '82000082', 'SeguraPassagem492@', 0),
('00000000483', 'tarcisioo.yoshida583@email.com', '5519998750082', 'Tarcisioo', 'Yoshida', 'Alameda da Riqueza', 8343, 'Banco 2', '10000083', 'MisteriosaProtecao493#', 0),
('00000000484', 'vaness.zanetti584@email.com', '5519998750083', 'Vaness', 'Zanetti', 'Rua do Crescimento', 8454, 'Plantação 2', '10000084', 'InteligenteFortaleza494$', 0),
('00000000485', 'wagne.moreira585@email.com', '5519998750084', 'Wagne', 'Moreira', 'Avenida da Evolução', 8565, NULL, '10000085', 'SecretaLabirinto495%', 0),
('00000000486', 'ximen.nascimento586@email.com', '5519998750085', 'Ximen', 'Nascimento', 'Travessa do Futuro', 8676, 'Lab. Futuro 2', '10000086', 'BlindadaCofre496^', 0),
('00000000487', 'yagoa.machado587@email.com', '5519998750086', 'Yagoa', 'Machado', 'Rua da Memória', 8787, 'Museu 2', '10000087', 'CriptoEscudo497&', 0),
('00000000488', 'zaira.neves588@email.com', '5519998750087', 'Zaira', 'Neves', 'Alameda da História', 8898, NULL, '10000088', 'InviolavelSentinela498*', 0),
('00000000489', 'alice.barbosa589@email.com', '5519998750088', 'Alice', 'Barbosa', 'Rua do Legado', 8909, 'Monumentos 2', '10000089', 'GuardiãChave499(', 0),
('00000000490', 'bruno.reis590@email.com', '5519998750089', 'Bruno', 'Reis', 'Avenida da Herança', 9010, NULL, '10000090', 'EscondidaSenha500)', 0),
('00000000491', 'carla.pinheiro591@email.com', '5519998750090', 'Carla', 'Pinheiro', 'Travessa da Sabedoria Antiga', 9121, 'Ruinas 2', '10000091', 'ForteCodificada501!', 0),
('00000000492', 'daniel.freitas592@email.com', '5519998750091', 'Daniel', 'Freitas', 'Rua do Mistério', 9232, NULL, '92000092', 'SeguraPassagem502@', 0),
('00000000493', 'elisa.guimaraes593@email.com', '5519998750092', 'Elisa', 'Guimarães', 'Alameda do Inexplicável', 9343, 'Area 51 2', '93000093', 'MisteriosaProtecao503#', 0),
('00000000494', 'fernando.pacheco594@email.com', '5519998750093', 'Fernando', 'Pacheco', 'Rua da Curiosidade Profunda', 9454, NULL, '94000094', 'InteligenteFortaleza504$', 0),
('00000000495', 'gabriela.duarte595@email.com', '5519998750094', 'Gabriela', 'Duarte', 'Avenida da Busca', 9565, 'Expedição 2', '10000095', 'SecretaLabirinto505%', 0),
('00000000496', 'hugo.figueiredo596@email.com', '5519998750095', 'Hugo', 'Figueiredo', 'Travessa da Jornada', 9676, NULL, '96000096', 'BlindadaCofre506^', 0),
('00000000497', 'isabela.sales597@email.com', '5519998750096', 'Isabela', 'Sales', 'Rua do Descobrimento', 9787, 'Mapa 2', '10000097', 'CriptoEscudo507&', 0),
('00000000098', 'bruno.brito198@email.com', '5519998750097', 'Bruno', 'Brito', 'Alameda da Novidade', 9898, NULL, '10000098', 'InviolavelSentinela198*', 0),
('00000000498', 'joao.brito598@email.com', '5519998750098', 'João', 'Brito', 'Alameda da Novidade', 9898, NULL, '98000098', 'InviolavelSentinela508*', 0),
('00000000499', 'larissa.cunha599@email.com', '5519998750099', 'Larissa', 'Cunha', 'Rua da Transformação', 9909, 'Metamorfose 2', '99000099', 'GuardiãChave509(', 0),
('00000000500', 'marcos.melo600@email.com', '5519998750100', 'Marcos', 'Melo', 'Avenida da Reinvenção', 10010, NULL, '10000100', 'EscondidaSenha510)', 0),
('00000000501', 'natalia.silva601@email.com', '5519998750101', 'Natalia', 'Silva', 'Rua da Alegria', 121, 'Apto 1', '10000001', 'ForteChave601!', 0),
('00000000502', 'otavio.santos602@email.com', '5519998750102', 'Otavio', 'Santos', 'Avenida do Sol', 232, NULL, '10000002', 'SeguraSenha602@', 0),
('00000000503', 'paula.oliveira603@email.com', '5519998750103', 'Paula', 'Oliveira', 'Travessa da Paz', 343, 'Casa A', '10000003', 'MisteriosaCodificada603#', 0),
('00000000504', 'rafael.pereira604@email.com', '5519998750104', 'Rafael', 'Pereira', 'Alameda das Estrelas', 454, 'Bloco 1', '10000004', 'InteligentePassagem604$', 0),
('00000000505', 'sofia.costa605@email.com', '5519998750105', 'Sofia', 'Costa', 'Rua da Esperança', 565, NULL, '10000005', 'SecretaProtecao605%', 0),
('00000000506', 'thiago.martins606@email.com', '5519998750106', 'Thiago', 'Martins', 'Estrada da Felicidade', 676, 'Sitio B', '10000006', 'BlindadaFortaleza606^', 0),
('00000000507', 'ursula.rodrigues607@email.com', '5519998750107', 'Ursula', 'Rodrigues', 'Rua do Amor', 787, 'Apto 2', '10000007', 'CriptoLabirinto607&', 0),
('00000000508', 'victor.almeida608@email.com', '5519998750108', 'Victor', 'Almeida', 'Avenida da Harmonia', 898, 'Andar 10', '10000008', 'InviolavelCofre608*', 0),
('00000000509', 'wanderley.gomes609@email.com', '5519998750109', 'Wanderley', 'Gomes', 'Praça da Luz', 909, NULL, '10000009', 'GuardiãEscudo609(', 0),
('00000000510', 'xenia.fernandes610@email.com', '5519998750110', 'Xênia', 'Fernandes', 'Rua do Futuro', 1010, 'Casa C', '10000010', 'EscondidaSentinela610)', 0),
('00000000511', 'yasmin.souza611@email.com', '5519998750111', 'Yasmin', 'Souza', 'Rua da Esperança', 1121, 'Bloco D', '10000011', 'ForteSenha611!', 0),
('00000000512', 'zeca.lima612@email.com', '5519998750112', 'Zeca', 'Lima', 'Avenida da Paz', 1232, 'Apto 4', '10000012', 'SeguraCodificada612@', 0),
('00000000513', 'amand.monteiro613@email.com', '5519998750113', 'Amand', 'Monteiro', 'Travessa dos Sonhos', 1343, NULL, '10000013', 'MisteriosaPassagem613#', 0),
('00000000514', 'bernard.pires614@email.com', '5519998750114', 'Bernard', 'Pires', 'Rua das Flores', 1454, 'Casa 2', '10000014', 'InteligenteProtecao614$', 0),
('00000000515', 'camila.ribeiro615@email.com', '5519998750115', 'Camila', 'Ribeiro', 'Alameda dos Pássaros', 1565, 'Apto 5', '10000015', 'SecretaFortaleza615%', 0),
('00000000516', 'diego.cardoso616@email.com', '5519998550116', 'Diego', 'Cardoso', 'Rua dos Coqueiros', 1676, NULL, '10000016', 'BlindadaLabirinto616^', 0),
('00000000517', 'erika.goncalves617@email.com', '5519998550000', 'Erika', 'Gonçalves', 'Avenida das Árvores', 1787, 'Cobertura', '10000017', 'CriptoCofre617&', 0),
('00000000518', 'fabio.dias618@email.com', '5519998550001', 'Fabio', 'Dias', 'Rua do Mar', 1898, 'Casa de Praia', '10000018', 'InviolavelEscudo618*', 0),
('00000000519', 'giovanna.ferreira619@email.com', '5519998550002', 'Giovanna', 'Ferreira', 'Praça do Céu', 1909, NULL, '10000019', 'GuardiãSentinela619(', 0),
('00000000520', 'henrique.rocha620@email.com', '5519998550003', 'Henrique', 'Rocha', 'Rua da Montanha', 2010, 'Chalé 2', '10000020', 'EscondidaChave620)', 0),
('00000000521', 'ingrid.mendes621@email.com', '5519998550004', 'Ingrid', 'Mendes', 'Avenida do Lago', 2121, 'Casa principal', '10000021', 'ForteCodificada621!', 0),
('00000000522', 'julio.nunes622@email.com', '5519998550005', 'Julio', 'Nunes', 'Rua da Floresta', 2232, NULL, '10000022', 'SeguraPassagem622@', 0),
('00000000523', 'karina.carvalho623@email.com', '5519998550006', 'Karina', 'Carvalho', 'Alameda dos Beija-Flores', 2343, 'Apto 6', '10000023', 'MisteriosaProtecao623#', 0),
('00000000524', 'lucas.alves624@email.com', '5519998550007', 'Lucas', 'Alves', 'Rua dos Bambus', 2454, NULL, '10000024', 'InteligenteFortaleza624$', 0),
('00000000525', 'mariana.azevedo625@email.com', '5519998550008', 'Mariana', 'Azevedo', 'Avenida da Cachoeira', 2565, 'Sitio 3', '10000025', 'SecretaLabirinto625%', 0),
('00000000526', 'nicolas.barros626@email.com', '5519998550009', 'Nicolas', 'Barros', 'Rua dos Girassóis', 2676, 'Casa 3', '10000026', 'BlindadaCofre626^', 0),
('00000000527', 'olivia.campos627@email.com', '5519998550010', 'Olivia', 'Campos', 'Travessa do Campo Verde', 2787, 'Apto 7', '10000027', 'CriptoEscudo627&', 0),
('00000000528', 'pedro.queiroz628@email.com', '5519998550011', 'Pedro', 'Queiroz', 'Rua dos Ventos', 2898, NULL, '10000028', 'InviolavelSentinela628*', 0),
('00000000529', 'quintana.ramos629@email.com', '5519998550012', 'Quintana', 'Ramos', 'Avenida dos Pescadores', 2909, 'Barco 4', '10000029', 'GuardiãChave629(', 0),
('00000000530', 'rodrigo.tavares630@email.com', '5519998550013', 'Rodrigo', 'Tavares', 'Rua da Colina', 3010, 'Casa com vista 2', '10000030', 'EscondidaSenha630)', 0),
('00000000531', 'sabrina.vieira631@email.com', '5519998550014', 'Sabrina', 'Vieira', 'Alameda das Rosas', 3121, 'Jardim 3', '10000031', 'ForteCodificada631!', 0),
('00000000532', 'tarcisio.xavier632@email.com', '5519998550015', 'Tarcisio', 'Xavier', 'Rua dos Pomares', 3232, NULL, '32000032', 'SeguraPassagem632@', 0),
('00000000533', 'vanessa.yoshida633@email.com', '5519998550016', 'Vanessa', 'Yoshida', 'Avenida das Cachoeiras', 3343, 'Fazenda 4', '33000033', 'MisteriosaProtecao633#', 0),
('00000000534', 'wagner.zanetti634@email.com', '5519998550017', 'Wagner', 'Zanetti', 'Rua dos Cedros', 3454, 'Sitio 5', '34000034', 'InteligenteFortaleza634$', 0),
('00000000535', 'ximena.moreira635@email.com', '5519998550018', 'Ximena', 'Moreira', 'Praça do Sol Poente', 3565, NULL, '35000035', 'SecretaLabirinto635%', 0),
('00000000536', 'yago.nascimento636@email.com', '5519998550020', 'Yago', 'Nascimento', 'Rua da Chuva', 3676, 'Apto 8', '36000036', 'BlindadaCofre636^', 0),
('00000000537', 'zaira.machado637@email.com', '5519998550021', 'Zaira', 'Machado', 'Avenida das Margaridas', 3787, 'Jardim 4', '37000037', 'CriptoEscudo637&', 0),
('00000000538', 'alicea.neves638@email.com', '5519998550022', 'Alicea', 'Neves', 'Travessa dos Rios', 3898, NULL, '38000038', 'InviolavelSentinela638*', 0),
('00000000539', 'brunoa.barbosa639@email.com', '5519998550023', 'Brunoa', 'Barbosa', 'Rua das Pedras', 3909, 'Casa de pedra 2', '39000039', 'GuardiãChave639(', 0),
('00000000540', 'carlaa.reis640@email.com', '5519998550024', 'Carlaa', 'Reis', 'Alameda dos Sabores', 4010, 'Restaurante 2', '40000040', 'EscondidaSenha640)', 0),
('00000000541', 'daniela.pinheiro641@email.com', '5519998550025', 'Daniela', 'Pinheiro', 'Rua do Eco', 4121, NULL, '41000041', 'ForteCodificada641!', 0),
('00000000542', 'elise.freitas642@email.com', '5519998550026', 'Elise', 'Freitas', 'Avenida dos Pardais', 4232, 'Ninho 2', '42000042', 'SeguraPassagem642@', 0),
('00000000543', 'fernande.guimaraes643@email.com', '5519998550027', 'Fernande', 'Guimarães', 'Travessa do Vento Frio', 4343, 'Apto 9', '43000043', 'MisteriosaProtecao643#', 0),
('00000000544', 'gabriel.pacheco644@email.com', '5519998550028', 'Gabriel', 'Pacheco', 'Rua dos Campos', 4454, 'Fazenda 6', '44000044', 'InteligenteFortaleza644$', 0),
('00000000545', 'huga.duarte645@email.com', '5519998550029', 'Huga', 'Duarte', 'Alameda das Estrelas', 4565, NULL, '45000045', 'SecretaLabirinto645%', 0),
('00000000546', 'isabel.figueiredo646@email.com', '5519998550030', 'Isabel', 'Figueiredo', 'Rua do Vale', 4676, 'Vale Verde 2', '46000046', 'BlindadaCofre646^', 0),
('00000000547', 'joaoa.sales647@email.com', '5519998550031', 'Joaoa', 'Sales', 'Avenida da Harmonia', 4787, 'Musica 2', '47000047', 'CriptoEscudo647&', 0),
('00000000548', 'larissaa.brito648@email.com', '5519998550032', 'Larissaa', 'Brito', 'Rua da Fantasia', 4898, 'Reino 2', '48000048', 'InviolavelSentinela648*', 0),
('00000000549', 'marcose.cunha649@email.com', '5519998550033', 'Marcose', 'Cunha', 'Travessa dos Pássaros Livres', 4909, NULL, '49000049', 'GuardiãChave649(', 0),
('00000000550', 'nataliae.melo650@email.com', '5519998550034', 'Nataliae', 'Melo', 'Rua do Pôr do Sol', 5010, 'Chale 3', '50000050', 'EscondidaSenha650)', 0),
('00000000551', 'otavioe.silva651@email.com', '5519998550035', 'Otavioe', 'Silva', 'Alameda das Flores Roxas', 5121, 'Jardim 5', '51000051', 'ForteCodificada651!', 0),
('00000000552', 'paulaa.santos652@email.com', '5519998550036', 'Paulaa', 'Santos', 'Rua dos Cajueiros', 5232, NULL, '52000052', 'SeguraPassagem652@', 0),
('00000000553', 'rafaela.oliveira653@email.com', '5519998550037', 'Rafaela', 'Oliveira', 'Avenida das Dunas', 5343, 'Praia 2', '53000053', 'MisteriosaProtecao653#', 0),
('00000000554', 'sofiaa.pereira654@email.com', '5519998550038', 'Sofiaa', 'Pereira', 'Travessa das Estrelas Cadentes', 5454, 'Observatorio 2', '54000054', 'InteligenteFortaleza654$', 0),
('00000000555', 'thiagoe.costa655@email.com', '5519998550039', 'Thiagoe', 'Costa', 'Rua do Silêncio', 5565, NULL, 'ecretaLabirinto655%', 0),
('00000000556', 'ursulae.martins656@email.com', '5519998550040', 'Ursulae', 'Martins', 'Avenida do Amanhecer', 5676, 'Nascer do Sol 2', '56000056', 'BlindadaCofre656^', 0),
('00000000557', 'victore.rodrigues657@email.com', '5519998550041', 'Victore', 'Rodrigues', 'Rua da Inovação', 5787, 'Startup 2', '57000057', 'CriptoEscudo657&', 0),
('00000000558', 'wanderle.almeida658@email.com', '5519998550042', 'Wanderle', 'Almeida', 'Alameda da Criatividade', 5898, 'Atelie 3', '58000058', 'InviolavelSentinela658*', 0),
('00000000559', 'xeniaa.gomes659@email.com', '5519998550043', 'Xeniaa', 'Gomes', 'Rua da Aventura', 5909, NULL, '59000059', 'GuardiãChave659(', 0),
('00000000560', 'yasmina.fernandes660@email.com', '5519998550044', 'Yasmina', 'Fernandes', 'Avenida do Conhecimento', 6010, 'Biblioteca 2', '60000060', 'EscondidaSenha660)', 0),
('00000000561', 'zecaa.souza661@email.com', '5519998550045', 'Zecaa', 'Souza', 'Travessa da Sabedoria', 6121, NULL, '61000061', 'ForteCodificada661!', 0),
('00000000562', 'amandaa.lima662@email.com', '5519998550046', 'Amandaa', 'Lima', 'Rua da Simpatia', 6232, 'Apto 10', '62000062', 'SeguraPassagem662@', 0),
('00000000563', 'bernardo.monteiro663@email.com', '5519998550047', 'Bernardo', 'Monteiro', 'Alameda do Carinho', 6343, 'Casa 7', '63000063', 'MisteriosaProtecao663#', 0),
('00000000564', 'camilo.pires664@email.com', '5519998550048', 'Camilo', 'Pires', 'Rua da Sinceridade', 6454, NULL, '64000064', 'InteligenteFortaleza664$', 0),
('00000000565', 'diega.ribeiro665@email.com', '5519998550049', 'Diega', 'Ribeiro', 'Avenida da Confiança', 6565, 'Escritorio 3', '65000065', 'SecretaLabirinto665%', 0),
('00000000566', 'eriko.cardoso666@email.com', '5519998550050', 'Eriko', 'Cardoso', 'Travessa da Esperança', 6676, 'Sonho 2', '66000066', 'BlindadaCofre666^', 0),
('00000000567', 'fabioo.goncalves667@email.com', '5519998550051', 'Fabioo', 'Gonçalves', 'Rua da Gratidão', 6787, 'Lar Feliz 2', '67000067', 'CriptoEscudo667&', 0),
('00000000568', 'giovann.dias668@email.com', '5519998550052', 'Giovann', 'Dias', 'Alameda da Paz', 6898, 'Parque 2', '68000068', 'InviolavelSentinela668*', 0),
('00000000569', 'henriquez.ferreira669@email.com', '5519998550053', 'Henriquez', 'Ferreira', 'Rua da Felicidade', 6909, 'Casa da Joia 2', '69000069', 'GuardiãChave669(', 0),
('00000000570', 'ingrida.rocha670@email.com', '5519998550054', 'Ingrida', 'Rocha', 'Avenida da Sorte', 7010, NULL, '70000070', 'EscondidaSenha670)', 0),
('00000000571', 'julia.mendes671@email.com', '5519998550055', 'Julia', 'Mendes', 'Travessa da Inspiração', 7121, 'Atelie 4', '71000071', 'ForteCodificada671!', 0),
('00000000572', 'karino.nunes672@email.com', '5519998550056', 'Karino', 'Nunes', 'Rua do Entendimento', 7232, NULL, '72000072', 'SeguraPassagem672@', 0),
('00000000573', 'luca.carvalho673@email.com', '5519998550057', 'Luca', 'Carvalho', 'Alameda da Criatividade', 7343, 'Estudio 2', '73000073', 'MisteriosaProtecao673#', 0),
('00000000574', 'mariano.alves674@email.com', '5519998550058', 'Mariano', 'Alves', 'Rua do Brilho', 7454, 'Joalheria 2', '74000074', 'InteligenteFortaleza674$', 0),
('00000000575', 'nico.azevedo675@email.com', '5519998550059', 'Nico', 'Azevedo', 'Avenida da Luz', 7565, 'Farol 2', '75000075', 'SecretaLabirinto675%', 0),
('00000000576', 'olivi.barros676@email.com', '5519998550060', 'Olivi', 'Barros', 'Travessa do Som', 7676, 'Estudio de Som 2', '76000076', 'BlindadaCofre676^', 0),
('00000000577', 'pedroo.campos677@email.com', '5519998550061', 'Pedroo', 'Campos', 'Rua da Curiosidade', 7787, NULL, '77000077', 'CriptoEscudo677&', 0),
('00000000578', 'quintina.queiroz678@email.com', '5519998550062', 'Quintina', 'Queiroz', 'Alameda dos Desafios', 7898, 'Ginásio 2', '78000078', 'InviolavelSentinela678*', 0),
('00000000579', 'rodrig.ramos679@email.com', '5519998550063', 'Rodrig', 'Ramos', 'Rua da Vitória', 7909, 'Pódio 2', '79000079', 'GuardiãChave679(', 0),
('00000000580', 'sabrin.tavares680@email.com', '5519998550064', 'Sabrin', 'Tavares', 'Avenida do Triunfo', 8010, NULL, '80000080', 'EscondidaSenha680)', 0),
('00000000581', 'tarcisioo.vieira681@email.com', '5519998550065', 'Tarcisioo', 'Vieira', 'Travessa da Prosperidade', 8121, 'Tesouro 2', '81000081', 'ForteCodificada681!', 0),
('00000000582', 'vaness.xavier682@email.com', '5519998550066', 'Vaness', 'Xavier', 'Rua da Abundância', 8232, NULL, '82000082', 'SeguraPassagem682@', 0),
('00000000583', 'wagne.yoshida683@email.com', '5519998550067', 'Wagne', 'Yoshida', 'Alameda da Riqueza', 8343, 'Banco 2', '10000083', 'MisteriosaProtecao683#', 0),
('00000000584', 'ximen.zanetti684@email.com', '5519998550068', 'Ximen', 'Zanetti', 'Rua do Crescimento', 8454, 'Plantação 2', '10000084', 'InteligenteFortaleza684$', 0),
('00000000585', 'yagoa.moreira685@email.com', '5519998550069', 'Yagoa', 'Moreira', 'Avenida da Evolução', 8565, NULL, '10000085', 'SecretaLabirinto685%', 0),
('00000000586', 'zaira.nascimento686@email.com', '5519998550070', 'Zaira', 'Nascimento', 'Travessa do Futuro', 8676, 'Lab. Futuro 2', '10000086', 'BlindadaCofre686^', 0),
('00000000587', 'alice.machado687@email.com', '5519998550071', 'Alice', 'Machado', 'Rua da Memória', 8787, 'Museu 2', '10000087', 'CriptoEscudo687&', 0),
('00000000588', 'bruno.neves688@email.com', '5519998550072', 'Bruno', 'Neves', 'Alameda da História', 8898, NULL, '10000088', 'InviolavelSentinela688*', 0),
('00000000589', 'carla.barbosa689@email.com', '5519998550073', 'Carla', 'Barbosa', 'Rua do Legado', 8909, 'Monumentos 2', '10000089', 'GuardiãChave689(', 0),
('00000000590', 'daniel.reis690@email.com', '5519998550075', 'Daniel', 'Reis', 'Avenida da Herança', 9010, NULL, '10000090', 'EscondidaSenha690)', 0),
('00000000591', 'elisa.pinheiro691@email.com', '5519998550076', 'Elisa', 'Pinheiro', 'Travessa da Sabedoria Antiga', 9121, 'Ruinas 2', '10000091', 'ForteCodificada691!', 0),
('00000000592', 'fernando.freitas692@email.com', '5519998550077', 'Fernando', 'Freitas', 'Rua do Mistério', 9232, NULL, '92000092', 'SeguraPassagem692@', 0),
('00000000593', 'gabriela.guimaraes693@email.com', '5519998550078', 'Gabriela', 'Guimarães', 'Alameda do Inexplicável', 9343, 'Area 51 2', '93000093', 'MisteriosaProtecao693#', 0),
('00000000594', 'hugo.pacheco694@email.com', '5519998550080', 'Hugo', 'Pacheco', 'Rua da Curiosidade Profunda', 9454, NULL, '94000094', 'InteligenteFortaleza694$', 0),
('00000000595', 'isabela.duarte695@email.com', '5519998550081', 'Isabela', 'Duarte', 'Avenida da Busca', 9565, 'Expedição 2', '10000095', 'SecretaLabirinto695%', 0),
('00000000596', 'joao.figueiredo696@email.com', '5519998550082', 'João', 'Figueiredo', 'Travessa da Jornada', 9676, NULL, '96000096', 'BlindadaCofre696^', 0),
('00000000597', 'larissa.sales697@email.com', '5519998550083', 'Larissa', 'Sales', 'Rua do Descobrimento', 9787, 'Mapa 2', '10000097', 'CriptoEscudo697&', 0),
('00000000598', 'marcos.brito698@email.com', '5519998550084', 'Marcos', 'Brito', 'Alameda da Novidade', 9898, NULL, '98000098', 'InviolavelSentinela698*', 0),
('00000000599', 'natalia.cunha699@email.com', '5519998550085', 'Natalia', 'Cunha', 'Rua da Transformação', 9909, 'Metamorfose 2', '99000099', 'GuardiãChave699(', 0),
('00000000600', 'otavio.melo700@email.com', '5519998550086', 'Otavio', 'Melo', 'Avenida da Reinvenção', 10010, NULL, '10000100', 'EscondidaSenha700)', 0),
('00000000601', 'paula.silva701@email.com', '5519998550087', 'Paula', 'Silva', 'Rua da Alegria', 121, 'Apto 1', '10000001', 'ForteChave701!', 0),
('00000000602', 'rafael.santos702@email.com', '5519998550088', 'Rafael', 'Santos', 'Avenida do Sol', 232, NULL, '10000002', 'SeguraSenha702@', 0),
('00000000603', 'sofia.oliveira703@email.com', '5519998550089', 'Sofia', 'Oliveira', 'Travessa da Paz', 343, 'Casa A', '10000003', 'MisteriosaCodificada703#', 0),
('00000000604', 'thiago.pereira704@email.com', '5519998550090', 'Thiago', 'Pereira', 'Alameda das Estrelas', 454, 'Bloco 1', '10000004', 'InteligentePassagem704$', 0),
('00000000605', 'ursula.costa705@email.com', '5519998550091', 'Ursula', 'Costa', 'Rua da Esperança', 565, NULL, '10000005', 'SecretaProtecao705%', 0),
('00000000606', 'victor.martins706@email.com', '5519998550092', 'Victor', 'Martins', 'Estrada da Felicidade', 676, 'Sitio B', '10000006', 'BlindadaFortaleza706^', 0),
('00000000607', 'wanderley.rodrigues707@email.com', '5519998550093', 'Wanderley', 'Rodrigues', 'Rua do Amor', 787, 'Apto 2', '10000007', 'CriptoLabirinto707&', 0),
('00000000608', 'xenia.almeida708@email.com', '5519998550094', 'Xênia', 'Almeida', 'Avenida da Harmonia', 898, 'Andar 10', '10000008', 'InviolavelCofre708*', 0),
('00000000609', 'yasmin.gomes709@email.com', '5519998550095', 'Yasmin', 'Gomes', 'Praça da Luz', 909, NULL, '10000009', 'GuardiãEscudo709(', 0),
('00000000610', 'zeca.fernandes710@email.com', '5519998550096', 'Zeca', 'Fernandes', 'Rua do Futuro', 1010, 'Casa C', '10000010', 'EscondidaSentinela710)', 0),
('00000000611', 'amand.souza711@email.com', '5519998550097', 'Amand', 'Souza', 'Rua da Esperança', 1121, 'Bloco D', '10000011', 'ForteSenha711!', 0),
('00000000612', 'ana.silva@email.com', '5519998550098', 'Ana', 'Silva', 'Rua das Flores', 123, 'Apto 101', '01000001', 'SenhaSegura1!', 0),
('00000000613', 'bruno.santos@email.com', '5519998550099', 'Bruno', 'Santos', 'Avenida Principal', 456, NULL, '02000002', 'MinhaSenhaForte2@', 0),
('00000000614', 'carla.oliveira@email.com', '5519998550100', 'Carla', 'Oliveira', 'Travessa da Lua', 789, 'Casa fundos', '03000003', 'Password3#Top!', 0),
('00000000615', 'daniel.pereira@email.com', '5519998550101', 'Daniel', 'Pereira', 'Alameda dos Sonhos', 101, 'Bloco B', '04000004', 'SegurancaTotal4$', 0),
('00000000616', 'elisa.costa@email.com', '5519998550102', 'Elisa', 'Costa', 'Rua do Sol', 202, NULL, '05000005', 'Protegida5%', 0),
('00000000617', 'fernando.martins@email.com', '5519998550103', 'Fernando', 'Martins', 'Estrada Velha', 303, 'Sitio 1', '06000006', 'Misterio6^', 0),
('00000000618', 'gabriela.rodrigues@email.com', '5519998550104', 'Gabriela', 'Rodrigues', 'Rua Nova', 404, 'Apto 202', '07000007', 'Segredo7&', 0),
('00000000619', 'hugo.almeida@email.com', '5519998550105', 'Hugo', 'Almeida', 'Avenida Brasil', 505, 'Andar 3', '08000008', 'Cripto8*', 0),
('00000000620', 'isabela.gomes@email.com', '5519998530001', 'Isabela', 'Gomes', 'Praca da Paz', 606, NULL, '09000009', 'Trancada9(', 0),
('00000000621', 'joao.fernandes@email.com', '5519998530002', 'João', 'Fernandes', 'Rua da Alegria', 707, 'Casa 5', '10000010', 'Chave10)', 0),
('00000000622', 'larissa.souza@email.com', '5519998530003', 'Larissa', 'Souza', 'Rua do Bosque', 808, 'Bloco C', '11000011', 'Codificada11!', 0),
('00000000623', 'marcos.lima@email.com', '5519998530004', 'Marcos', 'Lima', 'Avenida do Campo', 909, 'Apto 303', '12000012', 'Mestre12@', 0),
('00000000624', 'natalia.monteiro@email.com', '5519998530005', 'Natalia', 'Monteiro', 'Travessa dos Passaros', 111, NULL, '13000013', 'Escondida13#', 0),
('00000000625', 'otavio.pires@email.com', '5519998530006', 'Otavio', 'Pires', 'Rua das Acacias', 222, 'Casa 1', '14000014', 'Segura14$', 0),
('00000000626', 'paula.ribeiro@email.com', '5519998530007', 'Paula', 'Ribeiro', 'Alameda das Palmeiras', 333, 'Apto 404', '15000015', 'Fortaleza15%', 0),
('00000000627', 'rafael.cardoso@email.com', '5519998530008', 'Rafael', 'Cardoso', 'Rua dos Coqueiros', 444, NULL, '16000016', 'Labirinto16^', 0),
('00000000628', 'sofia.fernandes@email.com', '5519998530009', 'Sofia', 'Fernandes', 'Avenida das Arvores', 555, 'Cobertura', '17000017', 'Guardiã17&', 0),
('00000000629', 'thiago.goncalves@email.com', '5519998530010', 'Thiago', 'Gonçalves', 'Rua do Mar', 666, 'Casa de Praia', '18000018', 'Oceano18*', 0),
('00000000630', 'ursula.dias@email.com', '5519998530011', 'Ursula', 'Dias', 'Praça do Ceu', 777, NULL, '19000019', 'Estrelas19(', 0),
('00000000631', 'victor.ferreira@email.com', '5519998530012', 'Victor', 'Ferreira', 'Rua da Montanha', 888, 'Chalé', '20000020', 'Pico20)', 0),
('00000000632', 'wanderley.santos@email.com', '5519998530014', 'Wanderley', 'Santos', 'Avenida do Lago', 999, 'Casa principal', '21000021', 'Lagoa21!', 0),
('00000000633', 'xenia.lima@email.com', '5519998530015', 'Xênia', 'Lima', 'Rua da Floresta', 1010, NULL, '22000022', 'Mata22@', 0),
('00000000634', 'yasmin.rocha@email.com', '5519998530016', 'Yasmin', 'Rocha', 'Alameda dos Beija-Flores', 1111, 'Apto 505', '23000023', 'Flor23#', 0),
('00000000635', 'zeca.barbosa@email.com', '5519998530017', 'Zeca', 'Barbosa', 'Rua dos Bambus', 1212, NULL, '24000024', 'Folha24$', 0),
('00000000636', 'amanda.mendes@email.com', '5519998530018', 'Amanda', 'Mendes', 'Avenida da Cachoeira', 1313, 'Sitio 2', '25000025', 'Agua25%', 0),
('00000000637', 'bernardo.nunes@email.com', '5519998530019', 'Bernardo', 'Nunes', 'Rua dos Girassois', 1414, 'Casa 2', '26000026', 'Sol26^', 0),
('00000000638', 'camila.pires@email.com', '5519998530020', 'Camila', 'Pires', 'Travessa do Campo Verde', 1515, 'Apto 606', '27000027', 'Verde27&', 0),
('00000000639', 'diego.souza@email.com', '5519998530021', 'Diego', 'Souza', 'Rua dos Ventos', 1616, NULL, '28000028', 'Vento28*', 0),
('00000000640', 'erika.goncalves@email.com', '5519998530022', 'Erika', 'Gonçalves', 'Avenida dos Pescadores', 1717, 'Barco 3', '29000029', 'Peixe29(', 0),
('00000000641', 'fabio.carvalho@email.com', '5519998530023', 'Fabio', 'Carvalho', 'Rua da Colina', 1818, 'Casa com vista', '30000030', 'Vista30)', 0),
('00000000642', 'giovanna.alves@email.com', '5519998530024', 'Giovanna', 'Alves', 'Alameda das Rosas', 1919, 'Jardim 1', '31000031', 'Rosa31!', 0),
('00000000246', 'carlaa.figueiredo346@email.com', '5519998530025', 'Carlaa', 'Figueiredo', 'Rua do Vale', 4676, 'Vale Verde 2', '10000046', 'BlindadaCofre346^', 0),
('00000000643', 'henrique.azevedo@email.com', '5519998530026', 'Henrique', 'Azevedo', 'Rua dos Pomares', 2020, NULL, '32000032', 'Fruta32@', 0),
('00000000644', 'ingrid.barros@email.com', '5519998530027', 'Ingrid', 'Barros', 'Avenida das Cachoeiras', 2121, 'Fazenda 3', '33000033', 'Queda33#', 0),
('00000000645', 'julio.campos@email.com', '5519998530028', 'Julio', 'Campos', 'Rua dos Cedros', 2222, 'Sitio 4', '34000034', 'Madeira34$', 0),
('00000000646', 'karina.dias@email.com', '5519998530029', 'Karina', 'Dias', 'Praça do Sol Poente', 2323, NULL, '35000035', 'PôrDoSol35%', 0),
('00000000647', 'lucas.fernandes@email.com', '5519998530030', 'Lucas', 'Fernandes', 'Rua da Chuva', 2424, 'Apto 707', '36000036', 'Gota36^', 0),
('00000000648', 'mariana.gomes@email.com', '5519998530031', 'Mariana', 'Gomes', 'Avenida das Margaridas', 2525, 'Jardim 2', '37000037', 'Margarida37&', 0),
('00000000649', 'nicolas.machado@email.com', '5519998530032', 'Nicolas', 'Machado', 'Travessa dos Rios', 2626, NULL, '38000038', 'Corrente38*', 0),
('00000000650', 'olivia.neves@email.com', '5519998530033', 'Olivia', 'Neves', 'Rua das Pedras', 2727, 'Casa de pedra', '39000039', 'Pedra39(', 0),
('00000000651', 'pedro.oliveira@email.com', '5519998530034', 'Pedro', 'Oliveira', 'Alameda dos Sabores', 2828, 'Restaurante 1', '40000040', 'Sabor40)', 0),
('00000000652', 'quintana.pires@email.com', '5519998530035', 'Quintana', 'Pires', 'Rua do Eco', 2929, NULL, '41000041', 'Eco41!', 0),
('00000000653', 'rodrigo.queiroz@email.com', '5519998530036', 'Rodrigo', 'Queiroz', 'Avenida dos Pardais', 3030, 'Ninho 1', '42000042', 'Passaro42@', 0),
('00000000654', 'sabrina.ramos@email.com', '5519998530037', 'Sabrina', 'Ramos', 'Travessa do Vento Frio', 3131, 'Apto 808', '43000043', 'Frio43#', 0),
('00000000655', 'tarcisio.rocha@email.com', '5519998530038', 'Tarcisio', 'Rocha', 'Rua dos Campos', 3232, 'Fazenda 5', '44000044', 'Campo44$', 0),
('00000000656', 'ursula.santos@email.com', '5519998530039', 'Ursula', 'Santos', 'Alameda das Estrelas', 3333, NULL, '45000045', 'Cosmos45%', 0),
('00000000657', 'vitor.silva@email.com', '5519998530040', 'Vitor', 'Silva', 'Rua do Vale', 3434, 'Vale Verde', '46000046', 'Vale46^', 0),
('00000000658', 'walter.souza@email.com', '5519998530041', 'Walter', 'Souza', 'Avenida da Harmonia', 3535, 'Musica 1', '47000047', 'Harmonia47&', 0),
('00000000659', 'ximena.tavares@email.com', '5519998530042', 'Ximena', 'Tavares', 'Rua da Fantasia', 3636, 'Reino 1', '48000048', 'Magia48*', 0),
('00000000660', 'yago.vieira@email.com', '5519998530043', 'Yago', 'Vieira', 'Travessa dos Passaros Livres', 3737, NULL, '49000049', 'Liberta49(', 0),
('00000000661', 'zaira.xavier@email.com', '5519998530044', 'Zaira', 'Xavier', 'Rua do Pôr do Sol', 3838, 'Chale 2', '50000050', 'Crepusculo50)', 0),
('00000000662', 'alice.moreira@email.com', '5519998530045', 'Alice', 'Moreira', 'Alameda das Flores Roxas', 3939, 'Jardim 3', '51000051', 'Violeta51!', 0),
('00000000663', 'bruno.nascimento@email.com', '5519998530046', 'Bruno', 'Nascimento', 'Rua dos Cajueiros', 4040, NULL, '52000052', 'Caju52@', 0),
('00000000664', 'clara.ferreira@email.com', '5519998530047', 'Clara', 'Ferreira', 'Avenida das Dunas', 4141, 'Praia 1', '53000053', 'Areia53#', 0),
('00000000665', 'david.martins@email.com', '5519998530048', 'David', 'Martins', 'Travessa das Estrelas Cadentes', 4242, 'Observatorio', '54000054', 'Meteoro54$', 0),
('00000000666', 'eloa.pereira@email.com', '5519998530049', 'Eloá', 'Pereira', 'Rua do Silencio', 4343, NULL, 'ilencio55%', 0),
('00000000667', 'felipe.rodrigues@email.com', '5519998530050', 'Felipe', 'Rodrigues', 'Avenida do Amanhecer', 4444, 'Nascer do Sol', '56000056', 'Amanhecer56^', 0),
('00000000668', 'gabriel.costa@email.com', '5519998530051', 'Gabriel', 'Costa', 'Rua da Inovacao', 4545, 'Startup 1', '57000057', 'Inova57&', 0),
('00000000669', 'helena.almeida@email.com', '5519998530052', 'Helena', 'Almeida', 'Alameda da Criatividade', 4646, 'Atelie 1', '58000058', 'Criar58*', 0),
('00000000670', 'igor.gomes@email.com', '5519998530053', 'Igor', 'Gomes', 'Rua da Aventura', 4747, NULL, '59000059', 'Aventura59(', 0),
('00000000671', 'julia.fernandes@email.com', '5519998530054', 'Julia', 'Fernandes', 'Avenida do Conhecimento', 4848, 'Biblioteca', '60000060', 'Saber60)', 0),
('00000000672', 'kauan.souza@email.com', '5519998530055', 'Kauan', 'Souza', 'Travessa da Sabedoria', 4949, NULL, '61000061', 'Sabio61!', 0),
('00000000673', 'luana.lima@email.com', '5519998530056', 'Luana', 'Lima', 'Rua da Simpatia', 5050, 'Apto 909', '62000062', 'Gentil62@', 0),
('00000000674', 'marcelo.oliveira@email.com', '5519998530057', 'Marcelo', 'Oliveira', 'Alameda do Carinho', 5151, 'Casa 6', '63000063', 'Afeto63#', 0),
('00000000675', 'nara.pires@email.com', '5519998530058', 'Nara', 'Pires', 'Rua da Sinceridade', 5252, NULL, '64000064', 'Verdade64$', 0),
('00000000676', 'otavio.ribeiro@email.com', '5519998530059', 'Otavio', 'Ribeiro', 'Avenida da Confiança', 5353, 'Escritorio 2', '65000065', 'Confia65%', 0),
('00000000677', 'paola.cardoso@email.com', '5519998530060', 'Paola', 'Cardoso', 'Travessa da Esperança', 5454, 'Sonho 1', '66000066', 'Esperar66^', 0),
('00000000678', 'quiteria.silva@email.com', '5519998530061', 'Quitéria', 'Silva', 'Rua da Gratidão', 5555, 'Lar Feliz', '67000067', 'Grato67&', 0),
('00000000679', 'roberto.tavares@email.com', '5519998530062', 'Roberto', 'Tavares', 'Alameda da Paz', 5656, 'Parque 1', '68000068', 'Paz68*', 0),
('00000000680', 'sarah.vieira@email.com', '5519998530063', 'Sarah', 'Vieira', 'Rua da Felicidade', 5757, 'Casa da Joia', '69000069', 'Alegria69(', 0),
('00000000681', 'thiago.xavier@email.com', '5519998530064', 'Thiago', 'Xavier', 'Avenida da Sorte', 5858, NULL, '70000070', 'Sortudo70)', 0),
('00000000682', 'ulisses.yoshida@email.com', '5519998530065', 'Ulisses', 'Yoshida', 'Travessa da Inspiracao', 5959, 'Atelie 2', '71000071', 'Inspira71!', 0),
('00000000683', 'vivian.zanetti@email.com', '5519998530066', 'Vivian', 'Zanetti', 'Rua do Entendimento', 6060, NULL, '72000072', 'Entende72@', 0),
('00000000684', 'wagner.almeida@email.com', '5519998530067', 'Wagner', 'Almeida', 'Alameda da Criatividade', 6161, 'Estudio 1', '73000073', 'Cria73#', 0),
('00000000685', 'yasmin.barros@email.com', '5519998530068', 'Yasmin', 'Barros', 'Rua do Brilho', 6262, 'Joalheria', '74000074', 'Brilho74$', 0),
('00000000686', 'zaira.campos@email.com', '5519998530069', 'Zaira', 'Campos', 'Avenida da Luz', 6363, 'Farol', '75000075', 'Luz75%', 0),
('00000000687', 'adam.dias@email.com', '5519998530070', 'Adam', 'Dias', 'Travessa do Som', 6464, 'Estudio de Som', '76000076', 'Som76^', 0),
('00000000688', 'beatriz.ferreira@email.com', '5519998530071', 'Beatriz', 'Ferreira', 'Rua da Curiosidade', 6565, NULL, '77000077', 'Curioso77&', 0),
('00000000689', 'carlos.gomes@email.com', '5519998530072', 'Carlos', 'Gomes', 'Alameda dos Desafios', 6666, 'Ginásio', '78000078', 'Desafio78*', 0),
('00000000294', 'bruno.pacheco394@email.com', '5519998530073', 'Bruno', 'Pacheco', 'Rua da Curiosidade Profunda', 9454, NULL, '94000094', 'InteligenteFortaleza394$', 0),
('00000000690', 'diana.martins@email.com', '5519998530074', 'Diana', 'Martins', 'Rua da Vitoria', 6767, 'Pódio', '79000079', 'Vitoria79(', 0),
('00000000691', 'eduardo.nascimento@email.com', '5519998530075', 'Eduardo', 'Nascimento', 'Avenida do Triunfo', 6868, NULL, '80000080', 'Triunfo80)', 0),
('00000000692', 'fernanda.oliveira@email.com', '5519998530076', 'Fernanda', 'Oliveira', 'Travessa da Prosperidade', 6969, 'Tesouro', '81000081', 'Prospera81!', 0),
('00000000693', 'gustavo.pereira@email.com', '5519998530077', 'Gustavo', 'Pereira', 'Rua da Abundancia', 7070, NULL, '82000082', 'Abundante82@', 0),
('00000000694', 'helena.ribeiro@email.com', '5519998530078', 'Helena', 'Ribeiro', 'Alameda da Riqueza', 7171, 'Banco', '83000083', 'Rico83#', 0),
('00000000695', 'igor.silva@email.com', '5519998530079', 'Igor', 'Silva', 'Rua do Crescimento', 7272, 'Plantação', '84000084', 'Crescer84$', 0),
('00000000696', 'juliana.souza@email.com', '5519998530080', 'Juliana', 'Souza', 'Avenida da Evolucao', 7373, NULL, '85000085', 'Evoluir85%', 0),
('00000000697', 'kevin.tavares@email.com', '5519998530081', 'Kevin', 'Tavares', 'Travessa do Futuro', 7474, 'Lab. Futuro', '86000086', 'Futuro86^', 0),
('00000000698', 'lara.vieira@email.com', '5519998530082', 'Lara', 'Vieira', 'Rua da Memoria', 7575, 'Museu', '87000087', 'Lembra87&', 0),
('00000000699', 'marcos.xavier@email.com', '5519998530083', 'Marcos', 'Xavier', 'Alameda da Historia', 7676, NULL, '88000088', 'Historia88*', 0),
('00000000700', 'nicolle.yoshida@email.com', '5519998530084', 'Nicolle', 'Yoshida', 'Rua do Legado', 7777, 'Monumentos', '89000089', 'Legado89(', 0),
('00000000701', 'otavio.zanetti@email.com', '5519998530085', 'Otavio', 'Zanetti', 'Avenida da Herança', 7878, NULL, '90000090', 'Heranca90)', 0),
('00000000702', 'patricia.almeida@email.com', '5519998530086', 'Patrícia', 'Almeida', 'Travessa da Sabedoria Antiga', 7979, 'Ruinas', '91000091', 'Antigo91!', 0),
('00000000703', 'qatarina.barros@email.com', '5519998530087', 'Qatarian', 'Barros', 'Rua do Misterio', 8080, NULL, '92000092', 'Misterioso92@', 0),
('00000000704', 'raul.campos@email.com', '5519998530088', 'Raul', 'Campos', 'Alameda do Inexplicavel', 8181, 'Area 51', '93000093', 'Alien93#', 0),
('00000000705', 'sofia.dias@email.com', '5519998530089', 'Sofia', 'Dias', 'Rua da Curiosidade Profunda', 8282, NULL, '94000094', 'Profundo94$', 0),
('00000000706', 'tiago.ferreira@email.com', '5519998530090', 'Tiago', 'Ferreira', 'Avenida da Busca', 8383, 'Expedição', '95000095', 'Busca95%', 0),
('00000000707', 'ursula.gomes@email.com', '5519998530091', 'Ursula', 'Gomes', 'Travessa da Jornada', 8484, NULL, '96000096', 'Jornada96^', 0),
('00000000708', 'victor.martins@email.com', '5519998530092', 'Victor', 'Martins', 'Rua do Descobrimento', 8585, 'Mapa', '97000097', 'Descobre97&', 0),
('00000000709', 'wanda.nascimento@email.com', '5519998530093', 'Wanda', 'Nascimento', 'Alameda da Novidade', 8686, NULL, '98000098', 'Novo98*', 0),
('00000000710', 'xenia.oliveira@email.com', '5519998530094', 'Xênia', 'Oliveira', 'Rua da Transformacao', 8787, 'Metamorfose', '99000099', 'Muda99(', 0),
('00000000711', 'yara.pereira@email.com', '5519998530095', 'Yara', 'Pereira', 'Avenida da Reinvenção', 8888, NULL, '10000000', 'Reinventa100)', 0),
('00000000712', 'alice.silva1@email.com', '5519998530096', 'Alice', 'Silva', 'Rua das Flores', 123, 'Apto 101', '01000001', 'ForteChave1!', 0),
('00000000713', 'bruno.santos2@email.com', '5519998530097', 'Bruno', 'Santos', 'Avenida Principal', 456, NULL, '02000002', 'SeguraSenha2@', 0),
('00000000714', 'carla.oliveira3@email.com', '5519998530098', 'Carla', 'Oliveira', 'Travessa da Lua', 789, 'Casa fundos', '03000003', 'MisteriosaCodificada3#', 0),
('00000000715', 'daniel.pereira4@email.com', '5519998530099', 'Daniel', 'Pereira', 'Alameda dos Sonhos', 101, 'Bloco B', '04000004', 'InteligentePassagem4$', 0),
('00000000716', 'elisa.costa5@email.com', '5519998530100', 'Elisa', 'Costa', 'Rua do Sol', 202, NULL, '05000005', 'SecretaProtecao5%', 0),
('00000000717', 'fernando.martins6@email.com', '5519998530101', 'Fernando', 'Martins', 'Estrada Velha', 303, 'Sitio 1', '06000006', 'BlindadaFortaleza6^', 0),
('00000000718', 'gabriela.rodrigues7@email.com', '55199797500001', 'Gabriela', 'Rodrigues', 'Rua Nova', 404, 'Apto 202', '07000007', 'CriptoLabirinto7&', 0),
('00000000719', 'hugo.almeida8@email.com', '5519979750002', 'Hugo', 'Almeida', 'Avenida Brasil', 505, 'Andar 3', '08000008', 'InviolavelCofre8*', 0),
('00000000720', 'isabela.gomes9@email.com', '5519979750003', 'Isabela', 'Gomes', 'Praça da Paz', 606, NULL, '09000009', 'GuardiãEscudo9(', 0),
('00000000721', 'joao.fernandes10@email.com', '5519979750004', 'João', 'Fernandes', 'Rua da Alegria', 707, 'Casa 5', '10000010', 'EscondidaSentinela10)', 0),
('00000000722', 'larissa.souza11@email.com', '5519979750005', 'Larissa', 'Souza', 'Rua do Bosque', 808, 'Bloco C', '11000011', 'ForteSenha11!', 0),
('00000000723', 'marcos.lima12@email.com', '5519979750006', 'Marcos', 'Lima', 'Avenida do Campo', 909, 'Apto 303', '12000012', 'SeguraCodificada12@', 0),
('00000000724', 'natalia.monteiro13@email.com', '5519979750007', 'Natalia', 'Monteiro', 'Travessa dos Pássaros', 111, NULL, '13000013', 'MisteriosaPassagem13#', 0),
('00000000725', 'otavio.pires14@email.com', '5519979750008', 'Otavio', 'Pires', 'Rua das Acácias', 222, 'Casa 1', '14000014', 'InteligenteProtecao14$', 0),
('00000000726', 'paula.ribeiro15@email.com', '5519979750009', 'Paula', 'Ribeiro', 'Alameda das Palmeiras', 333, 'Apto 404', '15000015', 'SecretaFortaleza15%', 0),
('00000000727', 'rafael.cardoso16@email.com', '55199797500010', 'Rafael', 'Cardoso', 'Rua dos Coqueiros', 444, NULL, '16000016', 'BlindadaLabirinto16^', 0),
('00000000728', 'sofia.goncalves17@email.com', '5519979750011', 'Sofia', 'Gonçalves', 'Avenida das Árvores', 555, 'Cobertura', '17000017', 'CriptoCofre17&', 0),
('00000000729', 'thiago.dias18@email.com', '5519979750012', 'Thiago', 'Dias', 'Rua do Mar', 666, 'Casa de Praia', '18000018', 'InviolavelEscudo18*', 0),
('00000000730', 'ursula.ferreira19@email.com', '5519979750013', 'Ursula', 'Ferreira', 'Praça do Céu', 777, NULL, '19000019', 'GuardiãSentinela19(', 0),
('00000000731', 'victor.rocha20@email.com', '5519979750014', 'Victor', 'Rocha', 'Rua da Montanha', 888, 'Chalé', '20000020', 'EscondidaChave20)', 0),
('00000000732', 'wanderley.mendes21@email.com', '5519979750015', 'Wanderley', 'Mendes', 'Avenida do Lago', 999, 'Casa principal', '21000021', 'ForteCodificada21!', 0),
('00000000733', 'xenia.nunes22@email.com', '5519979750016', 'Xênia', 'Nunes', 'Rua da Floresta', 1010, NULL, '22000022', 'SeguraPassagem22@', 0),
('00000000734', 'yasmin.carvalho23@email.com', '5519979750017', 'Yasmin', 'Carvalho', 'Alameda dos Beija-Flores', 1111, 'Apto 505', '23000023', 'MisteriosaProtecao23#', 0),
('00000000735', 'zeca.alves24@email.com', '5519979750018', 'Zeca', 'Alves', 'Rua dos Bambus', 1212, NULL, '24000024', 'InteligenteFortaleza24$', 0),
('00000000736', 'amanda.azevedo25@email.com', '5519979750019', 'Amand', 'Azevedo', 'Avenida da Cachoeira', 1313, 'Sitio 2', '25000025', 'SecretaLabirinto25%', 0),
('00000000737', 'bernard.barros26@email.com', '5519979750020', 'Bernard', 'Barros', 'Rua dos Girassóis', 1414, 'Casa 2', '26000026', 'BlindadaCofre26^', 0),
('00000000738', 'camila.campos27@email.com', '5519979750021', 'Camila', 'Campos', 'Travessa do Campo Verde', 1515, 'Apto 606', '27000027', 'CriptoEscudo27&', 0),
('00000000739', 'diego.queiroz28@email.com', '5519979750022', 'Diego', 'Queiroz', 'Rua dos Ventos', 1616, NULL, '28000028', 'InviolavelSentinela28*', 0),
('00000000740', 'erika.ramos29@email.com', '5519979750023', 'Erika', 'Ramos', 'Avenida dos Pescadores', 1717, 'Barco 3', '29000029', 'GuardiãChave29(', 0),
('00000000741', 'fabio.tavares30@email.com', '5519979750024', 'Fabio', 'Tavares', 'Rua da Colina', 1818, 'Casa com vista', '30000030', 'EscondidaSenha30)', 0),
('00000000348', 'gabriel.brito448@email.com', '5519979750025', 'Gabriel', 'Brito', 'Rua da Fantasia', 4898, 'Reino 2', '48000048', 'InviolavelSentinela448*', 0),
('00000000742', 'giovanna.vieira31@email.com', '5519979750026', 'Giovanna', 'Vieira', 'Alameda das Rosas', 1919, 'Jardim 1', '31000031', 'ForteCodificada31!', 0),
('00000000743', 'henrique.xavier32@email.com', '5519979750027', 'Henrique', 'Xavier', 'Rua dos Pomares', 2020, NULL, '32000032', 'SeguraPassagem32@', 0),
('00000000744', 'ingrid.yoshida33@email.com', '5519979750028', 'Ingrid', 'Yoshida', 'Avenida das Cachoeiras', 2121, 'Fazenda 3', '33000033', 'MisteriosaProtecao33#', 0),
('00000000745', 'julio.zanetti34@email.com', '5519979750029', 'Julio', 'Zanetti', 'Rua dos Cedros', 2222, 'Sitio 4', '34000034', 'InteligenteFortaleza34$', 0),
('00000000746', 'karina.moreira35@email.com', '5519979750030', 'Karina', 'Moreira', 'Praça do Sol Poente', 2323, NULL, '35000035', 'SecretaLabirinto35%', 0),
('00000000747', 'lucas.nascimento36@email.com', '5519979750031', 'Lucas', 'Nascimento', 'Rua da Chuva', 2424, 'Apto 707', '36000036', 'BlindadaCofre36^', 0),
('00000000748', 'mariana.machado37@email.com', '5519979750032', 'Mariana', 'Machado', 'Avenida das Margaridas', 2525, 'Jardim 2', '37000037', 'CriptoEscudo37&', 0),
('00000000749', 'nicolas.neves38@email.com', '5519979750033', 'Nicolas', 'Neves', 'Travessa dos Rios', 2626, NULL, '38000038', 'InviolavelSentinela38*', 0),
('00000000750', 'olivia.barbosa39@email.com', '5519979750034', 'Olivia', 'Barbosa', 'Rua das Pedras', 2727, 'Casa de pedra', '39000039', 'GuardiãChave39(', 0),
('00000000751', 'pedro.reis40@email.com', '5519979750035', 'Pedro', 'Reis', 'Alameda dos Sabores', 2828, 'Restaurante 1', '40000040', 'EscondidaSenha40)', 0),
('00000000752', 'quintana.pinheiro41@email.com', '5519979750036', 'Quintana', 'Pinheiro', 'Rua do Eco', 2929, NULL, '41000041', 'ForteCodificada41!', 0),
('00000000753', 'rodrigo.freitas42@email.com', '5519979750037', 'Rodrigo', 'Freitas', 'Avenida dos Pardais', 3030, 'Ninho 1', '42000042', 'SeguraPassagem42@', 0),
('00000000754', 'sabrina.guimaraes43@email.com', '5519979750038', 'Sabrina', 'Guimarães', 'Travessa do Vento Frio', 3131, 'Apto 808', '43000043', 'MisteriosaProtecao43#', 0),
('00000000755', 'tarcisio.pacheco44@email.com', '5519979750039', 'Tarcisio', 'Pacheco', 'Rua dos Campos', 3232, 'Fazenda 5', '44000044', 'InteligenteFortaleza44$', 0),
('00000000756', 'vanessa.duarte45@email.com', '5519979750040', 'Vanessa', 'Duarte', 'Alameda das Estrelas', 3333, NULL, '45000045', 'SecretaLabirinto45%', 0),
('00000000757', 'wagner.figueiredo46@email.com', '5519979750041', 'Wagner', 'Figueiredo', 'Rua do Vale', 3434, 'Vale Verde', '46000046', 'BlindadaCofre46^', 0),
('00000000758', 'ximena.sales47@email.com', '5519979750042', 'Ximena', 'Sales', 'Avenida da Harmonia', 3535, 'Musica 1', '47000047', 'CriptoEscudo47&', 0),
('00000000759', 'yago.brito48@email.com', '5519979750043', 'Yago', 'Brito', 'Rua da Fantasia', 3636, 'Reino 1', '48000048', 'InviolavelSentinela48*', 0),
('00000000760', 'zaira.cunha49@email.com', '5519979750044', 'Zaira', 'Cunha', 'Travessa dos Pássaros Livres', 3737, NULL, '49000049', 'GuardiãChave49(', 0),
('00000000761', 'alicea.melo50@email.com', '5519979750045', 'Alicea', 'Melo', 'Rua do Pôr do Sol', 3838, 'Chale 2', '50000050', 'EscondidaSenha50)', 0),
('00000000762', 'brunoa.silva51@email.com', '5519979750046', 'Brunoa', 'Silva', 'Alameda das Flores Roxas', 3939, 'Jardim 3', '51000051', 'ForteCodificada51!', 0),
('00000000763', 'carlaa.santos52@email.com', '5519979750047', 'Carlaa', 'Santos', 'Rua dos Cajueiros', 4040, NULL, '52000052', 'SeguraPassagem52@', 0),
('00000000764', 'daniela.oliveira53@email.com', '5519979750048', 'Daniela', 'Oliveira', 'Avenida das Dunas', 4141, 'Praia 1', '53000053', 'MisteriosaProtecao53#', 0),
('00000000765', 'elise.pereira54@email.com', '5519979750049', 'Elise', 'Pereira', 'Travessa das Estrelas Cadentes', 4242, 'Observatorio', '54000054', 'InteligenteFortaleza54$', 0),
('00000000766', 'fernande.costa55@email.com', '5519979750050', 'Fernande', 'Costa', 'Rua do Silêncio', 4343, NULL, 'ecretaLabirinto55%', 0),
('00000000767', 'gabriel.martins56@email.com', '551997975051', 'Gabriel', 'Martins', 'Avenida do Amanhecer', 4444, 'Nascer do Sol', '56000056', 'BlindadaCofre56^', 0),
('00000000768', 'huga.rodrigues57@email.com', '5519979750052', 'Huga', 'Rodrigues', 'Rua da Inovação', 4545, 'Startup 1', '57000057', 'CriptoEscudo57&', 0),
('00000000769', 'isabel.almeida58@email.com', '5519979750053', 'Isabel', 'Almeida', 'Alameda da Criatividade', 4646, 'Atelie 1', '58000058', 'InviolavelSentinela58*', 0),
('00000000770', 'joaoa.gomes59@email.com', '5519979750054', 'Joaoa', 'Gomes', 'Rua da Aventura', 4747, NULL, '59000059', 'GuardiãChave59(', 0),
('00000000771', 'larissaa.fernandes60@email.com', '5519979750055', 'Larissaa', 'Fernandes', 'Avenida do Conhecimento', 4848, 'Biblioteca', '60000060', 'EscondidaSenha60)', 0),
('00000000772', 'marcose.souza61@email.com', '5519979750056', 'Marcose', 'Souza', 'Travessa da Sabedoria', 4949, NULL, '61000061', 'ForteCodificada61!', 0),
('00000000773', 'nataliae.lima62@email.com', '5519979750057', 'Nataliae', 'Lima', 'Rua da Simpatia', 5050, 'Apto 909', '62000062', 'SeguraPassagem62@', 0),
('00000000774', 'otavioe.monteiro63@email.com', '5519979750058', 'Otavioe', 'Monteiro', 'Alameda do Carinho', 5151, 'Casa 6', '63000063', 'MisteriosaProtecao63#', 0),
('00000000382', 'quintina.xavier482@email.com', '5519979750059', 'Quintina', 'Xavier', 'Rua da Abundância', 8232, NULL, '82000082', 'SeguraPassagem482@', 0),
('00000000775', 'paulaa.pires64@email.com', '5519979750060', 'Paulaa', 'Pires', 'Rua da Sinceridade', 5252, NULL, '64000064', 'InteligenteFortaleza64$', 0),
('00000000776', 'rafaela.ribeiro65@email.com', '5519979750061', 'Rafaela', 'Ribeiro', 'Avenida da Confiança', 5353, 'Escritorio 2', '65000065', 'SecretaLabirinto65%', 0),
('00000000777', 'sofiaa.cardoso66@email.com', '5519979750062', 'Sofiaa', 'Cardoso', 'Travessa da Esperança', 5454, 'Sonho 1', '66000066', 'BlindadaCofre66^', 0),
('00000000778', 'thiagoe.goncalves67@email.com', '5519979750063', 'Thiagoe', 'Gonçalves', 'Rua da Gratidão', 5555, 'Lar Feliz', '67000067', 'CriptoEscudo67&', 0),
('00000000779', 'ursulae.dias68@email.com', '5519979750064', 'Ursulae', 'Dias', 'Alameda da Paz', 5656, 'Parque 1', '68000068', 'InviolavelSentinela68*', 0),
('00000000780', 'victore.ferreira69@email.com', '5519979750065', 'Victore', 'Ferreira', 'Rua da Felicidade', 5757, 'Casa da Joia', '69000069', 'GuardiãChave69(', 0),
('00000000781', 'wanderle.rocha70@email.com', '5519979750066', 'Wanderle', 'Rocha', 'Avenida da Sorte', 5858, NULL, '70000070', 'EscondidaSenha70)', 0),
('00000000782', 'xeniaa.mendes71@email.com', '5519979750067', 'Xeniaa', 'Mendes', 'Travessa da Inspiração', 5959, 'Atelie 2', '71000071', 'ForteCodificada71!', 0),
('00000000783', 'yasmina.nunes72@email.com', '5519979750068', 'Yasmina', 'Nunes', 'Rua do Entendimento', 6060, NULL, '72000072', 'SeguraPassagem72@', 0),
('00000000784', 'zecaa.carvalho73@email.com', '5519979750069', 'Zecaa', 'Carvalho', 'Alameda da Criatividade', 6161, 'Estudio 1', '73000073', 'MisteriosaProtecao73#', 0),
('00000000785', 'amandaa.alves74@email.com', '5519979750070', 'Amandaa', 'Alves', 'Rua do Brilho', 6262, 'Joalheria', '74000074', 'InteligenteFortaleza74$', 0),
('00000000786', 'bernardo.azevedo75@email.com', '5519979750071', 'Bernardo', 'Azevedo', 'Avenida da Luz', 6363, 'Farol', '75000075', 'SecretaLabirinto75%', 0),
('00000000787', 'camilo.barros76@email.com', '5519979750072', 'Camilo', 'Barros', 'Travessa do Som', 6464, 'Estudio de Som', '76000076', 'BlindadaCofre76^', 0),
('00000000788', 'diega.campos77@email.com', '5519979750073', 'Diega', 'Campos', 'Rua da Curiosidade', 6565, NULL, '77000077', 'CriptoEscudo77&', 0),
('00000000789', 'eriko.queiroz78@email.com', '5519979750074', 'Eriko', 'Queiroz', 'Alameda dos Desafios', 6666, 'Ginásio', '78000078', 'InviolavelSentinela78*', 0),
('00000000790', 'fabioo.ramos79@email.com', '5519979750075', 'Fabioo', 'Ramos', 'Rua da Vitória', 6767, 'Pódio', '79000079', 'GuardiãChave79(', 0),
('00000000791', 'giovann.tavares80@email.com', '5519979750076', 'Giovann', 'Tavares', 'Avenida do Triunfo', 6868, NULL, '80000080', 'EscondidaSenha80)', 0),
('00000000792', 'henriquez.vieira81@email.com', '5519979750077', 'Henriquez', 'Vieira', 'Travessa da Prosperidade', 6969, 'Tesouro', '81000081', 'ForteCodificada81!', 0),
('00000000793', 'ingrida.xavier82@email.com', '5519998750000', 'Ingrida', 'Xavier', 'Rua da Abundância', 7070, NULL, '82000082', 'SeguraPassagem82@', 0),
('00000000794', 'julia.yoshida83@email.com', '5519997750001', 'Julia', 'Yoshida', 'Alameda da Riqueza', 7171, 'Banco', '83000083', 'MisteriosaProtecao83#', 0),
('00000000795', 'karino.zanetti84@email.com', '5519998650002', 'Karino', 'Zanetti', 'Rua do Crescimento', 7272, 'Plantação', '84000084', 'InteligenteFortaleza84$', 0),
('00000000796', 'luca.moreira85@email.com', '5519998750003', 'Luca', 'Moreira', 'Avenida da Evolução', 7373, NULL, '85000085', 'SecretaLabirinto85%', 0),
('00000000797', 'mariano.nascimento86@email.com', '5519998750004', 'Mariano', 'Nascimento', 'Travessa do Futuro', 7474, 'Lab. Futuro', '86000086', 'BlindadaCofre86^', 0),
('00000000798', 'nico.machado87@email.com', '5519998780005', 'Nico', 'Machado', 'Rua da Memória', 7575, 'Museu', '87000087', 'CriptoEscudo87&', 0),
('00000000799', 'olivi.neves88@email.com', '5519998750006', 'Olivi', 'Neves', 'Alameda da História', 7676, NULL, '88000088', 'InviolavelSentinela88*', 0),
('00000000800', 'pedroo.barbosa89@email.com', '5519998750007', 'Pedroo', 'Barbosa', 'Rua do Legado', 7777, 'Monumentos', '89000089', 'GuardiãChave89(', 0);

INSERT INTO genero (id, nome) VALUES
(1, 'Ação'),
(2, 'Comédia'),
(3, 'Drama'),
(4, 'Ficção Científica'),
(5, 'Fantasia'),
(6, 'Terror'),
(7, 'Suspense'),
(8, 'Romance'),
(9, 'Documentário'),
(10, 'Animação'),
(11, 'Musical'),
(12, 'Aventura'),
(13, 'Mistério'),
(14, 'Guerra'),
(15, 'Faroeste'),
(16, 'Policial');

INSERT INTO filme (id, titulo, ano, diretor, class_ind, idioma, duracao, eh_dub, fim_contrato, descricao, cartaz) VALUES
(1, 'A Herança de Órion', 2025, 'Sofia Almeida', 12, 'Português', '02:15:00', TRUE, '2028-12-31', 'Uma jovem astrônoma descobre que é herdeira de uma tecnologia ancestral capaz de salvar ou destruir a galáxia.', NULL),
(2, 'O Riso no Fim do Mundo', 2025, 'Ricardo Mendes', 14, 'Português', '01:48:00', TRUE, '2029-05-20', 'Em meio a um apocalipse bizarro, um grupo de comediantes tenta manter o bom humor como forma de sobrevivência.', NULL),
(3, 'Sombras do Silêncio', 2025, 'Juliana Costa', 16, 'Inglês', '01:55:00', FALSE, '2028-11-10', 'Uma família se muda para uma casa isolada onde qualquer ruído atrai criaturas mortais que caçam pelo som.', NULL),
(4, 'Crônicas de Neo-Lisboa', 2025, 'Tiago Valente', 14, 'Português', '02:30:00', TRUE, '2030-01-15', 'Numa Lisboa futurista e distópica, um detetive investiga uma conspiração que envolve a elite da cidade e inteligência artificial.', NULL),
(5, 'O Último Acorde', 2025, 'Clara Nunes', 10, 'Português', '02:05:00', TRUE, '2029-08-01', 'A jornada emocionante de uma jovem musicista que tenta salvar o teatro de sua cidade através de um grande espetáculo musical.', NULL),
(6, 'Fronteira Esquecida', 2025, 'Marcos Oliveira', 16, 'Espanhol', '02:10:00', FALSE, '2028-09-22', 'Dois pistoleiros rivais precisam unir forças para proteger uma pequena cidade de um barão de terras impiedoso no sertão.', NULL),
(7, 'A Viagem de Pipa', 2025, 'Ana Beatriz Leal', 0, 'Português', '01:32:00', TRUE, '2030-03-30', 'Uma pequena capivara curiosa embarca em uma grande aventura pela Mata Atlântica para encontrar sua família.', NULL),
(8, 'Código Vermelho: Antártida', 2025, 'Lucas Barros', 14, 'Inglês', '02:25:00', FALSE, '2028-07-14', 'Uma equipe de cientistas em uma base remota na Antártida precisa lutar por sua vida quando um experimento falha e liberta uma ameaça.', NULL),
(9, 'Nosso Lugar ao Sol', 2025, 'Fernanda Lima', 12, 'Português', '01:58:00', TRUE, '2029-06-18', 'Um romance de verão entre dois jovens de mundos diferentes que floresce em uma pequena cidade litorânea.', NULL),
(10, 'Guardiões da Floresta Amazônica', 2025, 'Carlos Saldanha', 10, 'Português', '01:45:00', TRUE, '2029-10-05', 'Um documentário que segue a vida de ativistas e povos indígenas na linha de frente da proteção da Amazônia.', NULL),
(11, 'O Legado do Dragão de Jade', 2025, 'Beatriz Rocha', 12, 'Mandarim', '02:08:00', FALSE, '2028-04-12', 'Uma jovem guerreira precisa dominar os cinco estilos do kung fu para recuperar um artefato místico roubado de seu templo.', NULL),
(12, 'Labirinto de Espelhos', 2025, 'Gabriel Pereira', 16, 'Português', '02:12:00', TRUE, '2029-02-28', 'Um detetive atormentado pelo passado mergulha em um caso de assassinato onde cada pista revela mais sobre seus próprios demônios.', NULL),
(13, 'O Resgate do Soldado Fernandes', 2025, 'Sérgio Machado', 16, 'Português', '02:40:00', TRUE, '2028-06-06', 'Durante a Segunda Guerra Mundial, um pelotão da FEB enfrenta perigos na Itália para resgatar um companheiro capturado.', NULL),
(14, 'A Revolta das Máquinas Domésticas', 2025, 'Mariana Gomes', 10, 'Inglês', '01:35:00', TRUE, '2029-11-11', 'Quando a torradeira, o aspirador e a geladeira se cansam de ser maltratados, eles iniciam uma revolução cômica em casa.', NULL),
(15, 'Ecos da Montanha Gelada', 2025, 'Rodrigo Santoro', 14, 'Português', '02:18:00', TRUE, '2028-10-20', 'Um alpinista precisa sobreviver aos perigos da natureza e a uma caçada humana após testemunhar um crime nas montanhas.', NULL),
(16, 'A Confraria dos Segredos', 2025, 'Alice Braga', 14, 'Francês', '02:02:00', FALSE, '2029-09-09', 'Uma historiadora descobre uma sociedade secreta em Paris que guarda um segredo capaz de mudar o curso da história.', NULL),
(17, 'O Predador das Profundezas', 2025, 'Felipe Moraes', 16, 'Inglês', '01:40:00', FALSE, '2028-08-08', 'Um grupo de mergulhadores libera acidentalmente uma criatura pré-histórica de uma caverna submarina.', NULL),
(18, 'A Rainha de Copas', 2025, 'Carla Camurati', 18, 'Português', '02:22:00', TRUE, '2029-07-07', 'Drama intenso sobre a ascensão e queda de uma poderosa e manipuladora chefe do crime organizado no Rio de Janeiro.', NULL),
(19, 'Planeta Verde: Uma Nova Esperança', 2025, 'Fernando Meirelles', 10, 'Português', '01:50:00', TRUE, '2030-04-22', 'Documentário otimista mostrando inovações e projetos ao redor do mundo que estão combatendo as mudanças climáticas.', NULL),
(20, 'O Feitiço da Lua Sangrenta', 2025, 'Lúcia Murat', 14, 'Inglês', '01:59:00', FALSE, '2029-12-13', 'Em uma vila medieval, uma jovem acusada de bruxaria precisa provar sua inocência enquanto um mal antigo desperta.', NULL);

INSERT INTO genero_filme (genero_id, filme_id) VALUES
(4, 1), (12, 1),
(2, 2), (3, 2),
(6, 3), (7, 3),
(4, 4), (16, 4), (13, 4),
(3, 5), (11, 5),
(15, 6), (1, 6),
(10, 7), (12, 7),
(7, 8), (1, 8), (4, 8),
(8, 9), (3, 9),
(9, 10),
(1, 11), (5, 11),
(16, 12), (7, 12), (3, 12),
(14, 13), (3, 13), (1, 13),
(2, 14), (10, 14), (4, 14),
(12, 15), (7, 15),
(13, 16), (12, 16),
(6, 17), (1, 17),
(3, 18), (16, 18),
(9, 19),
(5, 20), (7, 20);

-- Inserindo 20 registros na tabela 'cinema'

INSERT INTO cinema (cnpj, nome, telefone, rua, n_end, complemento, cep) VALUES
('12345678000101', 'Cinearte Plaza', '11987654321', 'Avenida Paulista', 2073, 'Conjunto Nacional', '01311300'),
('12345678000102', 'Roxy Cinema', '2122334455', 'Rua da Passagem', 145, 'Loja A', '22290030'),
('12345678000103', 'Estação Net Rio', '2124612461', 'Rua Voluntários da Pátria', 35, 'Sala 5', '22270000'),
('12345678000104', 'Cine Belas Artes', '1132584092', 'Rua da Consolação', 2423, NULL, '01301100'),
('12345678000105', 'Kinoplex Itaim', '1130485300', 'Rua Joaquim Floriano', 466, 'Piso Superior', '04534002'),
('12345678000106', 'UCI Kinoplex Iguatemi', '4133402700', 'Avenida Brigadeiro Faria Lima', 2232, 'Shopping Iguatemi', '01451909'),
('12345678000107', 'Cinesala', '1150831423', 'Rua Fradique Coutinho', 361, NULL, '05416010'),
('12345678000108', 'Cinemark Eldorado', '1151803444', 'Avenida Rebouças', 3970, 'Shopping Eldorado - 3º Piso', '05402600'),
('12345678000109', 'Reserva Cultural Niterói', '2136041440', 'Avenida Visconde do Rio Branco', 880, 'Complexo Reserva Cultural', '24020002'),
('12345678000110', 'Cine Brasília', '6132441660', 'Asa Sul Entrequadra Sul 106/107', 106, NULL, '70345400');

INSERT INTO sala (numero, profundidade, largura, suporta_imax, suporta_3d, qtde_poltronas, cinema_id, eh_ativo) VALUES
-- Salas para o cinema 12345678000101
(1, 10, 12, false, true, 120, '12345678000101', true),
(2, 15, 15, true, true, 225, '12345678000101', true),
(3, 8, 10, false, true, 80, '12345678000101', true),
(4, 12, 14, false, false, 168, '12345678000101', true),
(5, 9, 11, false, true, 99, '12345678000102', true),
(6, 14, 14, false, true, 196, '12345678000102', true),
(7, 10, 10, false, false, 100, '12345678000102', true),
(8, 11, 13, false, true, 143, '12345678000102', true),
(9, 13, 15, false, true, 195, '12345678000102', true),
(10, 7, 9, false, false, 63, '12345678000102', false),

-- Salas para o cinema 12345678000102
(11, 11, 11, false, true, 121, '12345678000103', true),
(12, 14, 15, true, true, 210, '12345678000103', true),
(13, 9, 12, false, true, 108, '12345678000103', true),
(14, 10, 13, false, false, 130, '12345678000103', true),
(15, 8, 14, false, true, 112, '12345678000103', true),
(16, 15, 14, false, true, 210, '12345678000104', true),
(17, 12, 10, false, false, 120, '12345678000104', true),
(18, 13, 13, false, true, 169, '12345678000104', true),
(19, 14, 15, false, true, 210, '12345678000104', true),
(20, 8, 8, false, false, 64, '12345678000104', true),

-- Salas para o cinema 12345678000103
(21, 12, 12, false, true, 144, '12345678000105', true),
(22, 15, 14, true, true, 210, '12345678000105', true),
(23, 10, 11, false, true, 110, '12345678000105', true),
(24, 11, 14, false, false, 154, '12345678000105', true),
(25, 9, 13, false, true, 117, '12345678000105', true),
(26, 13, 14, false, true, 182, '12345678000106', true),
(27, 11, 10, false, false, 110, '12345678000106', true),
(28, 12, 13, false, true, 156, '12345678000106', true),
(29, 15, 15, false, true, 225, '12345678000106', true),
(30, 9, 9, false, false, 81, '12345678000106', true),


-- Salas para o cinema 12345678000104
(31, 12, 12, false, true, 144, '12345678000107', true),
(32, 15, 14, true, true, 210, '12345678000107', true),
(33, 10, 11, false, true, 110, '12345678000107', true),
(34, 11, 14, false, false, 154, '12345678000107', true),
(35, 9, 13, false, true, 117, '12345678000107', true),
(36, 13, 14, false, true, 182, '12345678000108', true),
(37, 11, 10, false, false, 110, '12345678000108', true),
(38, 12, 13, false, true, 156, '12345678000108', true),
(39, 15, 15, false, true, 225, '12345678000108', true),
(40, 9, 9, false, false, 81, '12345678000108', true),

-- Salas para o cinema 12345678000105
(41, 11, 11, false, true, 121, '12345678000109', true),
(42, 14, 15, true, true, 210, '12345678000109', true),
(43, 9, 12, false, true, 108, '12345678000109', true),
(44, 10, 13, false, false, 130, '12345678000109', true),
(45, 8, 14, false, true, 112, '12345678000109', true),
(46, 15, 14, false, true, 210, '12345678000110', true),
(47, 12, 10, false, false, 120, '12345678000110', true),
(48, 13, 13, false, true, 169, '12345678000110', true),
(49, 14, 15, false, true, 210, '12345678000110', true),
(50, 8, 8, false, false, 64, '12345678000110', true);

INSERT INTO sessao (leg_ou_dub, eh_3d, data, hora, sala_id, filme_id) VALUES
-- Sessões para a Sala 1
(true, false, '2025-06-16', '14:00:00', 1, 2),
(false, false, '2025-06-16', '17:00:00', 1, 3),
(true, true, '2025-06-16', '20:00:00', 1, 4),  -- Filme 4 em 3D, Sala 1 suporta 3D
(false, false, '2025-06-17', '14:00:00', 1, 5),
(true, false, '2025-06-17', '17:00:00', 1, 6),
(false, false, '2025-06-17', '20:00:00', 5, 7),
(true, true, '2025-06-18', '14:00:00', 5, 8),  -- Filme 8 em 3D, Sala 1 suporta 3D
(false, false, '2025-06-18', '17:00:00', 5, 9),
(true, false, '2025-06-18', '20:00:00', 5, 10),
(false, false, '2025-06-19', '14:00:00', 5, 11),

-- Sessões para a Sala 2
(true, false, '2025-06-16', '14:00:00', 2, 3),
(false, false, '2025-06-16', '17:00:00', 2, 4),
(true, true, '2025-06-16', '20:00:00', 2, 5),  -- Exemplo genérico, assumindo filme e sala compatíveis com 3D
(false, false, '2025-06-17', '14:00:00', 2, 6),
(true, false, '2025-06-17', '17:00:00', 2, 7),
(false, false, '2025-06-17', '20:00:00', 6, 8),
(true, true, '2025-06-18', '14:00:00', 6, 9),
(false, false, '2025-06-18', '17:00:00', 6, 10),
(true, false, '2025-06-18', '20:00:00', 6, 11),
(false, false, '2025-06-19', '14:00:00', 6, 12),

-- Sessões para a Sala 3
(true, false, '2025-06-16', '14:00:00', 3, 4),
(false, false, '2025-06-16', '17:00:00', 3, 5),
(true, true, '2025-06-16', '20:00:00', 3, 6),
(false, false, '2025-06-17', '14:00:00', 3, 7),
(true, false, '2025-06-17', '17:00:00', 3, 8),
(false, false, '2025-06-17', '20:00:00', 7, 9),
(true, true, '2025-06-18', '14:00:00', 7, 10),
(false, false, '2025-06-18', '17:00:00', 7, 11),
(true, false, '2025-06-18', '20:00:00', 7, 12),
(false, false, '2025-06-19', '14:00:00', 7, 13),

-- Sessões para a Sala 4 (esta sala não suporta 3D, segundo os dados anteriores)
(true, false, '2025-06-16', '14:00:00', 4, 5),
(false, false, '2025-06-16', '17:00:00', 4, 6),
(true, false, '2025-06-16', '20:00:00', 4, 7),  -- eh_3d é false
(false, false, '2025-06-17', '14:00:00', 4, 8),
(true, false, '2025-06-17', '17:00:00', 4, 9),
(false, false, '2025-06-17', '20:00:00', 8, 10),
(true, false, '2025-06-18', '14:00:00', 8, 11),
(false, false, '2025-06-18', '17:00:00', 8, 12),
(true, false, '2025-06-18', '20:00:00', 8, 13),
(false, false, '2025-06-19', '14:00:00', 8, 14),

-- Sessões para a Sala 5
(true, false, '2025-06-16', '14:00:00', 9, 4),
(false, false, '2025-06-16', '17:00:00', 9, 5),
(true, true, '2025-06-16', '20:00:00', 9, 6),
(false, false, '2025-06-17', '14:00:00', 9, 7),
(true, false, '2025-06-17', '17:00:00', 9, 8),
(false, false, '2025-06-17', '20:00:00', 10, 9),
(true, true, '2025-06-18', '14:00:00', 10, 10),
(false, false, '2025-06-18', '17:00:00', 10, 11),
(true, false, '2025-06-18', '20:00:00', 10, 12),
(false, false, '2025-06-19', '14:00:00', 10, 13),

-- Sessões para a Sala 1
(true, false, '2025-06-16', '14:00:00', 11, 2),
(false, false, '2025-06-16', '17:00:00', 11, 3),
(true, true, '2025-06-16', '20:00:00', 11, 4),  -- Filme 4 em 3D, Sala 1 suporta 3D
(false, false, '2025-06-17', '14:00:00', 11, 5),
(true, false, '2025-06-17', '17:00:00', 11, 6),
(false, false, '2025-06-17', '20:00:00', 12, 7),
(true, true, '2025-06-18', '14:00:00', 12, 8),  -- Filme 8 em 3D, Sala 1 suporta 3D
(false, false, '2025-06-18', '17:00:00', 12, 9),
(true, false, '2025-06-18', '20:00:00', 12, 10),
(false, false, '2025-06-19', '14:00:00', 12, 11),

-- Sessões para a Sala 2
(true, false, '2025-06-16', '14:00:00', 13, 3),
(false, false, '2025-06-16', '17:00:00', 13, 4),
(true, true, '2025-06-16', '20:00:00', 13, 5),  -- Exemplo genérico, assumindo filme e sala compatíveis com 3D
(false, false, '2025-06-17', '14:00:00', 13, 6),
(true, false, '2025-06-17', '17:00:00', 13, 7),
(false, false, '2025-06-17', '20:00:00', 14, 8),
(true, true, '2025-06-18', '14:00:00', 14, 9),
(false, false, '2025-06-18', '17:00:00', 14, 10),
(true, false, '2025-06-18', '20:00:00', 14, 11),
(false, false, '2025-06-19', '14:00:00', 14, 12),

-- Sessões para a Sala 3
(true, false, '2025-06-16', '14:00:00', 15, 4),
(false, false, '2025-06-16', '17:00:00', 15, 5),
(true, true, '2025-06-16', '20:00:00', 15, 6),
(false, false, '2025-06-17', '14:00:00', 15, 7),
(true, false, '2025-06-17', '17:00:00', 15, 8),
(false, false, '2025-06-17', '20:00:00', 16, 9),
(true, true, '2025-06-18', '14:00:00', 16, 10),
(false, false, '2025-06-18', '17:00:00', 16, 11),
(true, false, '2025-06-18', '20:00:00', 16, 12),
(false, false, '2025-06-19', '14:00:00', 16, 13),

-- Sessões para a Sala 4 (esta sala não suporta 3D, segundo os dados anteriores)
(true, false, '2025-06-16', '14:00:00', 17, 5),
(false, false, '2025-06-16', '17:00:00', 17, 6),
(true, false, '2025-06-16', '20:00:00', 17, 7),  -- eh_3d é false
(false, false, '2025-06-17', '14:00:00', 17, 8),
(true, false, '2025-06-17', '17:00:00', 17, 9),
(false, false, '2025-06-17', '20:00:00', 18, 10),
(true, false, '2025-06-18', '14:00:00', 18, 11),
(false, false, '2025-06-18', '17:00:00', 18, 12),
(true, false, '2025-06-18', '20:00:00', 18, 13),
(false, false, '2025-06-19', '14:00:00', 18, 14),

-- Sessões para a Sala 3
(true, false, '2025-06-16', '14:00:00', 19, 4),
(false, false, '2025-06-16', '17:00:00', 19, 5),
(true, true, '2025-06-16', '20:00:00', 19, 6),
(false, false, '2025-06-17', '14:00:00', 19, 7),
(true, false, '2025-06-17', '17:00:00', 19, 8),
(false, false, '2025-06-17', '20:00:00', 20, 9),
(true, true, '2025-06-18', '14:00:00', 20, 10),
(false, false, '2025-06-18', '17:00:00', 20, 11),
(true, false, '2025-06-18', '20:00:00', 20, 12),
(false, false, '2025-06-19', '14:00:00', 20, 13),

-- Sessões para a Sala 1
(true, false, '2025-06-16', '14:00:00', 21, 2),
(false, false, '2025-06-16', '17:00:00', 21, 3),
(true, true, '2025-06-16', '20:00:00', 21, 4),  -- Filme 4 em 3D, Sala 1 suporta 3D
(false, false, '2025-06-17', '14:00:00', 21, 5),
(true, false, '2025-06-17', '17:00:00', 21, 6),
(false, false, '2025-06-17', '20:00:00', 25, 7),
(true, true, '2025-06-18', '14:00:00', 25, 8),  -- Filme 8 em 3D, Sala 1 suporta 3D
(false, false, '2025-06-18', '17:00:00', 25, 9),
(true, false, '2025-06-18', '20:00:00', 25, 10),
(false, false, '2025-06-19', '14:00:00', 25, 11),

-- Sessões para a Sala 2
(true, false, '2025-06-16', '14:00:00', 22, 3),
(false, false, '2025-06-16', '17:00:00', 22, 4),
(true, true, '2025-06-16', '20:00:00', 22, 5),  -- Exemplo genérico, assumindo filme e sala compatíveis com 3D
(false, false, '2025-06-17', '14:00:00', 22, 6),
(true, false, '2025-06-17', '17:00:00', 22, 7),
(false, false, '2025-06-17', '20:00:00', 26, 8),
(true, true, '2025-06-18', '14:00:00', 26, 9),
(false, false, '2025-06-18', '17:00:00', 26, 10),
(true, false, '2025-06-18', '20:00:00', 26, 11),
(false, false, '2025-06-19', '14:00:00', 26, 12),

-- Sessões para a Sala 3
(true, false, '2025-06-16', '14:00:00', 23, 4),
(false, false, '2025-06-16', '17:00:00', 23, 5),
(true, true, '2025-06-16', '20:00:00', 23, 6),
(false, false, '2025-06-17', '14:00:00', 23, 7),
(true, false, '2025-06-17', '17:00:00', 23, 8),
(false, false, '2025-06-17', '20:00:00', 27, 9),
(true, true, '2025-06-18', '14:00:00', 27, 10),
(false, false, '2025-06-18', '17:00:00', 27, 11),
(true, false, '2025-06-18', '20:00:00', 27, 12),
(false, false, '2025-06-19', '14:00:00', 27, 13),

-- Sessões para a Sala 4 (esta sala não suporta 3D, segundo os dados anteriores)
(true, false, '2025-06-16', '14:00:00', 24, 5),
(false, false, '2025-06-16', '17:00:00', 24, 6),
(true, false, '2025-06-16', '20:00:00', 24, 7),  -- eh_3d é false
(false, false, '2025-06-17', '14:00:00', 24, 8),
(true, false, '2025-06-17', '17:00:00', 24, 9),
(false, false, '2025-06-17', '20:00:00', 28, 10),
(true, false, '2025-06-18', '14:00:00', 28, 11),
(false, false, '2025-06-18', '17:00:00', 28, 12),
(true, false, '2025-06-18', '20:00:00', 28, 13),
(false, false, '2025-06-19', '14:00:00', 28, 14);

-- Sessões para a Sala 5
(true, false, '2025-06-16', '14:00:00', 29, 4),
(false, false, '2025-06-16', '17:00:00', 29, 5),
(true, true, '2025-06-16', '20:00:00', 29, 6),
(false, false, '2025-06-17', '14:00:00', 29, 7),
(true, false, '2025-06-17', '17:00:00', 29, 8),
(false, false, '2025-06-17', '20:00:00', 30, 9),
(true, true, '2025-06-18', '14:00:00', 30, 30),
(false, false, '2025-06-18', '17:00:00', 30, 11),
(true, false, '2025-06-18', '20:00:00', 30, 12),
(false, false, '2025-06-19', '14:00:00', 30, 13),

-- Sessões para a Sala 1
(true, false, '2025-06-16', '14:00:00', 31, 2),
(false, false, '2025-06-16', '17:00:00', 31, 3),
(true, true, '2025-06-16', '20:00:00', 31, 4),  -- Filme 4 em 3D, Sala 1 suporta 3D
(false, false, '2025-06-17', '14:00:00', 31, 5),
(true, false, '2025-06-17', '17:00:00', 31, 6),
(false, false, '2025-06-17', '20:00:00', 35, 7),
(true, true, '2025-06-18', '14:00:00', 35, 8),  -- Filme 8 em 3D, Sala 1 suporta 3D
(false, false, '2025-06-18', '17:00:00', 35, 9),
(true, false, '2025-06-18', '20:00:00', 35, 10),
(false, false, '2025-06-19', '14:00:00', 35, 11),

-- Sessões para a Sala 2
(true, false, '2025-06-16', '14:00:00', 32, 3),
(false, false, '2025-06-16', '17:00:00', 32, 4),
(true, true, '2025-06-16', '20:00:00', 32, 5),  -- Exemplo genérico, assumindo filme e sala compatíveis com 3D
(false, false, '2025-06-17', '14:00:00', 32, 6),
(true, false, '2025-06-17', '17:00:00', 32, 7),
(false, false, '2025-06-17', '20:00:00', 36, 8),
(true, true, '2025-06-18', '14:00:00', 36, 9),
(false, false, '2025-06-18', '17:00:00', 36, 10),
(true, false, '2025-06-18', '20:00:00', 36, 11),
(false, false, '2025-06-19', '14:00:00', 36, 12),

-- Sessões para a Sala 3
(true, false, '2025-06-16', '14:00:00', 33, 4),
(false, false, '2025-06-16', '17:00:00', 33, 5),
(true, true, '2025-06-16', '20:00:00', 33, 6),
(false, false, '2025-06-17', '14:00:00', 33, 7),
(true, false, '2025-06-17', '17:00:00', 33, 8),
(false, false, '2025-06-17', '20:00:00', 37, 9),
(true, true, '2025-06-18', '14:00:00', 37, 10),
(false, false, '2025-06-18', '17:00:00', 37, 11),
(true, false, '2025-06-18', '20:00:00', 37, 12),
(false, false, '2025-06-19', '14:00:00', 37, 13),

-- Sessões para a Sala 4 (esta sala não suporta 3D, segundo os dados anteriores)
(true, false, '2025-06-16', '14:00:00', 34, 5),
(false, false, '2025-06-16', '17:00:00', 34, 6),
(true, false, '2025-06-16', '20:00:00', 34, 7),  -- eh_3d é false
(false, false, '2025-06-17', '14:00:00', 34, 8),
(true, false, '2025-06-17', '17:00:00', 34, 9),
(false, false, '2025-06-17', '20:00:00', 38, 10),
(true, false, '2025-06-18', '14:00:00', 38, 11),
(false, false, '2025-06-18', '17:00:00', 38, 12),
(true, false, '2025-06-18', '20:00:00', 38, 13),
(false, false, '2025-06-19', '14:00:00', 38, 14),

-- Sessões para a Sala 5
(true, false, '2025-06-16', '14:00:00', 39, 4),
(false, false, '2025-06-16', '17:00:00', 39, 5),
(true, true, '2025-06-16', '20:00:00', 39, 6),
(false, false, '2025-06-17', '14:00:00', 39, 7),
(true, false, '2025-06-17', '17:00:00', 39, 8),
(false, false, '2025-06-17', '20:00:00', 40, 9),
(true, true, '2025-06-18', '14:00:00', 40, 10),
(false, false, '2025-06-18', '17:00:00', 40, 11),
(true, false, '2025-06-18', '20:00:00', 40, 12),
(false, false, '2025-06-19', '14:00:00', 40, 13),

-- Sessões para a Sala 1
(true, false, '2025-06-16', '14:00:00', 41, 2),
(false, false, '2025-06-16', '17:00:00', 41, 3),
(true, true, '2025-06-16', '20:00:00', 41, 4),  -- Filme 4 em 3D, Sala 1 suporta 3D
(false, false, '2025-06-17', '14:00:00', 41, 5),
(true, false, '2025-06-17', '17:00:00', 41, 6),
(false, false, '2025-06-17', '20:00:00', 45, 7),
(true, true, '2025-06-18', '14:00:00', 45, 8),  -- Filme 8 em 3D, Sala 1 suporta 3D
(false, false, '2025-06-18', '17:00:00', 45, 9),
(true, false, '2025-06-18', '20:00:00', 45, 10),
(false, false, '2025-06-19', '14:00:00', 45, 11),

-- Sessões para a Sala 2
(true, false, '2025-06-16', '14:00:00', 42, 3),
(false, false, '2025-06-16', '17:00:00', 42, 4),
(true, true, '2025-06-16', '20:00:00', 42, 5),  -- Exemplo genérico, assumindo filme e sala compatíveis com 3D
(false, false, '2025-06-17', '14:00:00', 42, 6),
(true, false, '2025-06-17', '17:00:00', 42, 7),
(false, false, '2025-06-17', '20:00:00', 46, 8),
(true, true, '2025-06-18', '14:00:00', 46, 9),
(false, false, '2025-06-18', '17:00:00', 46, 10),
(true, false, '2025-06-18', '20:00:00', 46, 11),
(false, false, '2025-06-19', '14:00:00', 46, 12),

-- Sessões para a Sala 3
(true, false, '2025-06-16', '14:00:00', 43, 4),
(false, false, '2025-06-16', '17:00:00', 43, 5),
(true, true, '2025-06-16', '20:00:00', 43, 6),
(false, false, '2025-06-17', '14:00:00', 43, 7),
(true, false, '2025-06-17', '17:00:00', 43, 8),
(false, false, '2025-06-17', '20:00:00', 47, 9),
(true, true, '2025-06-18', '14:00:00', 47, 10),
(false, false, '2025-06-18', '17:00:00', 47, 11),
(true, false, '2025-06-18', '20:00:00', 47, 12),
(false, false, '2025-06-19', '14:00:00', 47, 13),

-- Sessões para a Sala 4 (esta sala não suporta 3D, segundo os dados anteriores)
(true, false, '2025-06-16', '14:00:00', 44, 5),
(false, false, '2025-06-16', '17:00:00', 44, 6),
(true, false, '2025-06-16', '20:00:00', 44, 7),  -- eh_3d é false
(false, false, '2025-06-17', '14:00:00', 44, 8),
(true, false, '2025-06-17', '17:00:00', 44, 9),
(false, false, '2025-06-17', '20:00:00', 48, 10),
(true, false, '2025-06-18', '14:00:00', 48, 11),
(false, false, '2025-06-18', '17:00:00', 48, 12),
(true, false, '2025-06-18', '20:00:00', 48, 13),
(false, false, '2025-06-19', '14:00:00', 48, 14),

-- Sessões para a Sala 5
(true, false, '2025-06-16', '14:00:00', 49, 4),
(false, false, '2025-06-16', '17:00:00', 49, 5),
(true, true, '2025-06-16', '20:00:00', 49, 6),
(false, false, '2025-06-17', '14:00:00', 49, 7),
(true, false, '2025-06-17', '17:00:00', 49, 8),
(false, false, '2025-06-17', '20:00:00', 50, 9),
(true, true, '2025-06-18', '14:00:00', 50, 10),
(false, false, '2025-06-18', '17:00:00', 50, 11),
(true, false, '2025-06-18', '20:00:00', 50, 12),
(false, false, '2025-06-19', '14:00:00', 50, 13);

INSERT INTO funcionario (cpf, nome, sobrenome, data_inicio_contratado, data_fim_contrato, trabalha_em) VALUES
-- Funcionários para o cinema 12345678000101
('11111111101', 'Carlos', 'Oliveira', '2022-03-15', NULL, '12345678000101'),
('11111111102', 'Ana', 'Pereira', '2021-11-20', NULL, '12345678000101'),
('11111111103', 'Bruno', 'Ferreira', '2023-01-10', '2025-01-09', '12345678000101'), -- Contrato expirado
('11111111104', 'Lúcia', 'Almeida', '2020-07-01', NULL, '12345678000101'),
('11111111105', 'Marcos', 'Souza', '2023-05-25', NULL, '12345678000101'),
('11111111106', 'Juliana', 'Costa', '2022-09-01', NULL, '12345678000101'),
('11111111107', 'Ricardo', 'Gomes', '2021-02-18', NULL, '12345678000101'),
('11111111108', 'Fernanda', 'Martins', '2024-01-15', NULL, '12345678000101'),
('11111111109', 'Daniel', 'Rodrigues', '2023-10-05', NULL, '12345678000101'),
('11111111110', 'Patrícia', 'Lima', '2022-06-30', NULL, '12345678000101'),

-- Funcionários para o cinema 12345678000102
('22222222201', 'Gabriel', 'Santos', '2022-04-10', NULL, '12345678000102'),
('22222222202', 'Camila', 'Ribeiro', '2021-10-15', NULL, '12345678000102'),
('22222222203', 'Lucas', 'Carvalho', '2023-02-20', NULL, '12345678000102'),
('22222222204', 'Vanessa', 'Nunes', '2023-05-11', '2025-05-10', '12345678000102'), -- Contrato expirado
('22222222205', 'Thiago', 'Melo', '2023-06-12', NULL, '12345678000102'),
('22222222206', 'Amanda', 'Araújo', '2022-08-01', NULL, '12345678000102'),
('22222222207', 'Felipe', 'Barbosa', '2021-03-25', NULL, '12345678000102'),
('22222222208', 'Sandra', 'Moraes', '2024-02-01', NULL, '12345678000102'),
('22222222209', 'Rafael', 'Pinto', '2023-11-10', NULL, '12345678000102'),
('22222222210', 'Beatriz', 'Teixeira', '2022-07-22', NULL, '12345678000102'),

-- Funcionários para o cinema 12345678000103
('33333333301', 'Rodrigo', 'Alves', '2022-01-20', NULL, '12345678000103'),
('33333333302', 'Mariana', 'Gonçalves', '2023-08-14', NULL, '12345678000103'),
('33333333303', 'Igor', 'Mendes', '2021-09-09', NULL, '12345678000103'),
('33333333304', 'Leticia', 'Barros', '2024-03-01', NULL, '12345678000103'),
('33333333305', 'André', 'Ramos', '2022-11-05', NULL, '12345678000103'),
('33333333306', 'Carolina', 'Monteiro', '2023-04-19', NULL, '12345678000103'),
('33333333307', 'Gustavo', 'Nogueira', '2020-12-12', NULL, '12345678000103'),
('33333333308', 'Isabela', 'Freitas', '2023-09-22', NULL, '12345678000103'),
('33333333309', 'Diego', 'Pires', '2022-02-28', NULL, '12345678000103'),
('33333333310', 'Sofia', 'Aguiar', '2021-07-07', NULL, '12345678000103'),

-- Funcionários para o cinema 12345678000104
('44444444401', 'José', 'Silva', '2021-01-15', NULL, '12345678000104'),
('44444444402', 'Maria', 'Fernandes', '2022-05-20', NULL, '12345678000104'),
('44444444403', 'João', 'Duarte', '2023-07-10', NULL, '12345678000104'),
('44444444404', 'Clara', 'Moreira', '2024-01-02', NULL, '12345678000104'),
('44444444405', 'Antônio', 'Correia', '2022-10-10', '2025-04-30', '12345678000104'), -- Contrato expirado
('44444444406', 'Vitória', 'Lopes', '2023-03-03', NULL, '12345678000104'),
('44444444407', 'Francisco', 'Dias', '2021-08-18', NULL, '12345678000104'),
('44444444408', 'Alice', 'Rocha', '2023-12-01', NULL, '12345678000104'),
('44444444409', 'Miguel', 'Azevedo', '2022-04-05', NULL, '12345678000104'),
('44444444410', 'Laura', 'Cardoso', '2020-06-25', NULL, '12345678000104'),

-- Funcionários para o cinema 12345678000105
('55555555501', 'Heitor', 'Neves', '2022-06-01', NULL, '12345678000105'),
('55555555502', 'Helena', 'Pacheco', '2023-01-21', NULL, '12345678000105'),
('55555555503', 'Arthur', 'Vieira', '2021-11-11', NULL, '12345678000105'),
('55555555504', 'Manuela', 'Siqueira', '2024-02-15', NULL, '12345678000105'),
('55555555505', 'Bernardo', 'Campos', '2022-12-30', NULL, '12345678000105'),
('55555555506', 'Valentina', 'Borges', '2023-05-08', NULL, '12345678000105'),
('55555555507', 'Davi', 'Pinheiro', '2020-10-10', NULL, '12345678000105'),
('55555555508', 'Sophia', 'Cunha', '2023-10-13', NULL, '12345678000105'),
('55555555509', 'Théo', 'Brito', '2022-03-22', NULL, '12345678000105'),
('55555555510', 'Isabella', 'Rezende', '2021-06-16', NULL, '12345678000105'),

-- Funcionários para o cinema 12345678000106
('66666666601', 'Enzo', 'Rezende', '2022-07-02', NULL, '12345678000106'),
('66666666602', 'Giovanna', 'Brito', '2023-02-22', NULL, '12345678000106'),
('66666666603', 'Pedro', 'Cunha', '2021-12-12', NULL, '12345678000106'),
('66666666604', 'Júlia', 'Pinheiro', '2024-03-16', NULL, '12345678000106'),
('66666666605', 'Nicolas', 'Borges', '2022-01-29', NULL, '12345678000106'),
('66666666606', 'Luiza', 'Campos', '2023-06-09', NULL, '12345678000106'),
('66666666607', 'Guilherme', 'Siqueira', '2020-11-11', NULL, '12345678000106'),
('66666666608', 'Lívia', 'Vieira', '2023-11-14', NULL, '12345678000106'),
('66666666609', 'Matheus', 'Pacheco', '2022-04-23', NULL, '12345678000106'),
('66666666610', 'Lorena', 'Neves', '2021-07-17', NULL, '12345678000106'),

-- Funcionários para o cinema 12345678000107
('77777777701', 'Rafael', 'Rezende', '2022-08-03', NULL, '12345678000107'),
('77777777702', 'Yasmin', 'Brito', '2023-03-23', NULL, '12345678000107'),
('77777777703', 'Bryan', 'Cunha', '2021-01-13', NULL, '12345678000107'),
('77777777704', 'Emanuelly', 'Pinheiro', '2024-04-17', NULL, '12345678000107'),
('77777777705', 'Joaquim', 'Borges', '2022-02-28', NULL, '12345678000107'),
('77777777706', 'Melissa', 'Campos', '2023-07-10', NULL, '12345678000107'),
('77777777707', 'Samuel', 'Siqueira', '2020-12-12', NULL, '12345678000107'),
('77777777708', 'Marina', 'Vieira', '2023-12-15', NULL, '12345678000107'),
('77777777709', 'Felipe', 'Pacheco', '2022-05-24', NULL, '12345678000107'),
('77777777710', 'Esther', 'Neves', '2021-08-18', NULL, '12345678000107'),

-- Funcionários para o cinema 12345678000108
('88888888801', 'Benício', 'Rezende', '2022-09-04', NULL, '12345678000108'),
('88888888802', 'Elisa', 'Brito', '2023-04-24', NULL, '12345678000108'),
('88888888803', 'Augusto', 'Cunha', '2021-02-14', '2024-02-13', '12345678000108'), -- Contrato expirado
('88888888804', 'Lara', 'Pinheiro', '2024-05-18', NULL, '12345678000108'),
('88888888805', 'Cauã', 'Borges', '2022-03-27', NULL, '12345678000108'),
('88888888806', 'Catarina', 'Campos', '2023-08-11', NULL, '12345678000108'),
('88888888807', 'Henrique', 'Siqueira', '2020-01-13', NULL, '12345678000108'),
('88888888808', 'Cecília', 'Vieira', '2023-01-16', NULL, '12345678000108'),
('88888888809', 'Murilo', 'Pacheco', '2022-06-25', NULL, '12345678000108'),
('88888888810', 'Rebeca', 'Neves', '2021-09-19', NULL, '12345678000108'),

-- Funcionários para o cinema 12345678000109
('99999999901', 'Breno', 'Rezende', '2022-10-05', NULL, '12345678000109'),
('99999999902', 'Sarah', 'Brito', '2023-05-25', NULL, '12345678000109'),
('99999999903', 'Erick', 'Cunha', '2021-03-15', NULL, '12345678000109'),
('99999999904', 'Alícia', 'Pinheiro', '2024-06-19', NULL, '12345678000109'),
('99999999905', 'Enrico', 'Borges', '2022-04-28', NULL, '12345678000109'),
('99999999906', 'Clarice', 'Campos', '2023-09-12', NULL, '12345678000109'),
('99999999907', 'Ruan', 'Siqueira', '2020-02-14', NULL, '12345678000109'),
('99999999908', 'Analice', 'Vieira', '2023-02-17', NULL, '12345678000109'),
('99999999909', 'Ian', 'Pacheco', '2022-07-26', NULL, '12345678000109'),
('99999999910', 'Aurora', 'Neves', '2021-10-20', NULL, '12345678000109'),

-- Funcionários para o cinema 12345678000110
('10101010101', 'Levi', 'Rezende', '2022-11-06', NULL, '12345678000110'),
('10101010102', 'Mirella', 'Brito', '2023-06-26', NULL, '12345678000110'),
('10101010103', 'Noah', 'Cunha', '2021-04-16', NULL, '12345678000110'),
('10101010104', 'Agatha', 'Pinheiro', '2024-07-20', NULL, '12345678000110'),
('10101010105', 'Ryan', 'Borges', '2022-05-29', NULL, '12345678000110'),
('10101010106', 'Allana', 'Campos', '2023-10-13', NULL, '12345678000110'),
('10101010107', 'Yuri', 'Siqueira', '2020-03-15', NULL, '12345678000110'),
('10101010108', 'Ayla', 'Vieira', '2023-03-18', NULL, '12345678000110'),
('10101010109', 'Isaac', 'Pacheco', '2022-08-27', NULL, '12345678000110'),
('10101010110', 'Lavínia', 'Neves', '2021-11-21', NULL, '12345678000110');

INSERT INTO gerente (cpf, email, senha) VALUES
('11111111101', 'carlos.oliveira@emailcorp.com', 'CinePlaza@2025'),
('22222222201', 'gabriel.santos@emailcorp.com', 'RoxyPass#987'),
('33333333306', 'carolina.monteiro@emailcorp.com', 'EstacaoNet!21'),
('44444444409', 'miguel.azevedo@emailcorp.com', 'BelasArtes_4092'),
('55555555504', 'manuela.siqueira@emailcorp.com', 'ItaimKino$5300'),
('66666666601', 'enzo.rezende@emailcorp.com', 'IguatemiUCI!27'),
('77777777701', 'rafael.rezende@emailcorp.com', 'CinesalaSP#361'),
('88888888801', 'benicio.rezende@emailcorp.com', 'EldoradoMark@3444'),
('99999999901', 'breno.rezende@emailcorp.com', 'ReservaNit&440'),
('10101010106', 'allana.campos@emailcorp.com', 'BrasiliaCine*60');

INSERT INTO administrador (cpf, email, senha) VALUES
('11111111102', 'ana.pereira@emailcorp.com', 'AdmPlaza!2025'),
('22222222202', 'camila.ribeiro@emailcorp.com', 'AdmRoxy@Rio'),
('33333333308', 'isabela.freitas@emailcorp.com', 'AdmEstacao#Botafogo'),
('44444444408', 'alice.rocha@emailcorp.com', 'AdmBelasArtes$SP'),
('55555555508', 'sophia.cunha@emailcorp.com', 'AdmItaim%Kino'),
('66666666602', 'giovanna.brito@emailcorp.com', 'AdmUCI^Iguatemi'),
('77777777702', 'yasmin.brito@emailcorp.com', 'AdmCinesala&SP'),
('88888888802', 'elisa.brito@emailcorp.com', 'AdmEldorado*Mark'),
('99999999902', 'sarah.brito@emailcorp.com', 'AdmReserva(Nit)'),
('10101010107', 'yuri.siqueira@emailcorp.com', 'AdmCineBSB_107');
